userMediaCount,medLikeNumbers,medCommentNumbers,countCommentsAreDisabled,medHashtagNumbers,medUploadIntervals,medUploadHours,countHasLocationInfo,followerCount,followingCount,hasHighlightReels,hasExternalUrl,tagCounts,biographyLength,usernameLength,usernameDigitCount,followertofollowing,isFake
36,63,1,0,0,18,17,8,273,404,0,0,22,0,12,0,0.675742574,0
38,101,3,10,0,6,13,26,1246,1245,0,0,5,28,5,3,1.000803213,1
23,79,0,0,0,5,20,15,273,217,1,0,2,40,7,0,1.258064516,0
119,22,0,0,0,3,17,60,546,509,1,0,34,134,8,0,1.072691552,0
212,72.5,2,0,0,3,9,20,2423,1374,1,0,53,144,11,2,1.763464338,1
573,482,3,0,0,1,16,30,4758,3395,0,1,127,149,11,0,1.401472754,1
80,977.5,9.5,0,8,6,16,78,15157,458,1,0,4,0,15,0,33.09388646,1
63,27,0,0,1,11.5,15,13,556,713,0,0,90,0,9,0,0.779803647,0
69,69,1,0,0,13,15,24,536,526,0,0,208,0,13,0,1.019011407,0
2,79,0,1,3,255,15.5,1,223,261,0,0,0,12,9,0,0.85440613,0
36,229.5,5,17,0,18,20,7,541,581,1,0,11,0,14,0,0.931153184,0
71,21,0,68,0,5,17,14,152,292,1,0,4,34,8,0,0.520547945,0
152,22,1,0,5,3,16,48,1145,683,0,0,32,116,12,0,1.676427526,1
48,37.5,1,0,3,14,15,41,2131,4278,1,1,73,116,9,1,0.498129967,1
9,34,2,0,0,85,14,3,199,316,0,0,19,0,10,0,0.629746835,0
110,1050,10,0,11,3,16,46,3129,1721,1,1,59,96,12,0,1.818128995,1
598,67,2,0,17,2,8,146,15203,7101,1,1,50,22,11,0,2.140966061,1
305,144,1,0,20,2,12,0,2157,2982,0,1,10,39,15,0,0.72334004,1
36,5,0,0,3,6,17,0,57,157,0,0,0,28,13,3,0.363057325,0
36,1090,26,0,24,2,12,35,1676,4720,1,1,0,72,11,0,0.355084746,1
119,98,0,0,0,5,16,39,404,389,1,1,47,69,8,0,1.038560411,0
34,70.5,1,1,0,1,14,21,784,6620,1,1,4,148,18,0,0.118429003,1
3,56,3,0,3,0,0,0,467,1394,0,0,0,0,21,1,0.335007174,1
55,218,4,0,30,0,12,0,3278,2714,0,0,99,0,9,3,1.207811349,1
30,88,2,0,8.5,0,14.5,0,667,4950,0,0,1,0,8,0,0.134747475,1
444,85,2,0,1,1,5,205,2698,2359,1,1,26,113,14,0,1.14370496,1
340,448.5,7,0,29,1,17,0,24453,3157,0,1,9,125,21,0,7.745644599,1
19,52,1,0,0,1,9,0,1796,688,0,0,0,41,11,3,2.610465116,1
100,34,0,0,1,9,17.5,61,441,619,1,0,29,39,10,0,0.712439418,0
4,120.5,1,0,1.5,63,17.5,3,420,452,0,0,0,17,12,0,0.92920354,0
207,89,0,5,2,2,16,178,579,789,1,0,34,119,11,0,0.733840304,0
303,17,0,0,0,0,17,201,884,1100,1,0,15,92,10,2,0.803636364,1
90,50.5,0,0,0,13,19,43,487,596,0,0,40,24,10,0,0.817114094,0
559,22,0,5,0,1,17,193,559,1007,1,0,52,7,7,0,0.555114201,0
259,310,20,0,30,2,12,243,7099,2259,1,0,165,94,12,0,3.142540947,1
4,101,0.5,0,0,229,22.5,0,341,352,0,0,0,0,10,0,0.96875,0
6,10.5,0,0,0,0,11,0,2400,788,0,1,0,116,17,3,3.045685279,1
263,32,0,0,3,4,16,138,927,969,1,0,119,0,13,0,0.956656347,0
13,34,0,0,0,34,16,3,295,263,0,0,6,0,15,0,1.121673004,0
1000,13,0,0,3,0,15,37,8962,1620,1,1,65,148,12,0,5.532098765,1
65,26,1,0,4,2,19,3,1014,7129,1,1,6,140,10,0,0.142235938,1
63,66,1,0,4,18.5,17,48,340,425,0,0,87,0,5,0,0.8,0
230,45,0,32,2,2,16,98,572,689,0,0,36,0,10,0,0.830188679,0
0,0,0,0,0,3.5,16,0,107,150,0,0,0,0,14,0,0.713333333,0
376,16,1,0,0,1,13,1,1273,567,0,1,17,86,8,0,2.245149912,1
250,42,0,0,0,4,16,28,460,673,1,0,164,0,7,0,0.683506686,0
559,48,1,0,28,2,14,157,6442,1496,1,1,7,67,11,0,4.306149733,1
1,161,3,0,0,3.5,20,1,362,423,0,0,10,0,15,0,0.855791962,0
133,515,1,0,0,4,16,126,5711,626,1,1,80,106,10,0,9.123003195,1
4,3953,217,0,2.5,21,14,1,6634,6110,0,0,9,73,13,3,1.085761047,1
153,58,1,3,0,4,17,53,498,1192,0,0,39,13,13,0,0.417785235,0
119,73,2,10,1,10,13,88,405,407,0,0,90,23,6,0,0.995085995,0
150,30,0,0,2,4,16,99,344,421,0,0,29,0,10,0,0.817102138,0
6,102.5,3,0,1,18,16,3,322,424,0,0,16,150,14,0,0.759433962,0
579,871,5,0,25,1,19,296,22319,6499,1,0,135,23,8,0,3.434220649,1
300,39,1,0,0,5,18,85,722,700,1,0,251,0,12,0,1.031428571,0
139,54,1,0,1,1,15,10,721,561,0,1,7,0,9,0,1.285204991,0
1000,129,3,0,2,1,9,269,9496,2412,1,0,91,33,8,0,3.936981758,1
10,257.5,1,0,1,2,21,7,220,1058,0,1,0,142,14,0,0.207939509,1
1000,40,0,0,4,0,10,1,26019,5039,1,1,12,145,9,0,5.163524509,1
0,0,0,0,0,3.5,16,0,185,189,0,0,0,0,10,0,0.978835979,0
1000,11,0,0,2,1,8,679,5757,653,1,0,153,100,9,0,8.816232772,1
71,34,0,0,1,9.5,14,1,466,417,0,0,24,0,11,2,1.117505995,0
40,58,0,1,0,1,15,10,326,374,1,1,0,6,9,0,0.871657754,0
68,15,0,0,2,10,16,28,319,391,0,0,39,0,10,0,0.815856777,0
63,50,0,0,1,0,14,41,736,1065,1,1,78,141,16,0,0.691079812,1
210,40,0,0,1,1,14,165,666,955,0,1,46,76,13,0,0.697382199,0
77,75,0,0,1,12.5,18,58,548,453,1,0,33,35,9,0,1.209713024,0
244,111,4,0,29,1,7,59,3383,1115,1,1,37,116,10,0,3.034080717,1
78,151.5,6,0,0,8,5.5,58,2000,1611,1,0,176,90,14,2,1.241464929,1
11,23,1,0,0,14.5,22,0,95,275,0,0,2,0,12,0,0.345454545,0
0,0,0,0,0,3.5,16,0,287,332,0,0,25,40,14,0,0.864457831,0
18,3,0.5,0,0,0,16,0,128,254,0,0,66,0,8,0,0.503937008,0
41,124,2,0,0,6.5,18,12,4015,4868,0,0,20,44,18,3,0.824774035,1
121,51,1,0,11,1,14,0,1563,2120,1,0,3,6,7,0,0.737264151,1
20,121.5,0,0,5.5,16,16.5,13,421,473,0,0,1,56,14,0,0.890063425,0
114,27,1,0,10,0,17,28,546,906,1,0,20,146,10,1,0.602649007,1
101,2348,13,0,7,6,16,16,26744,1111,1,1,272,86,13,0,24.0720072,1
0,0,0,0,0,3.5,16,0,221,223,1,0,0,0,6,0,0.99103139,0
43,81,2,0,0,9.5,18,5,271,268,1,0,24,34,11,0,1.01119403,0
96,67,0,0,1,5,18,50,610,489,1,0,15,55,13,0,1.247443763,0
3,63,3,0,0,20,10,0,148,285,0,0,2,25,15,0,0.519298246,0
0,0,0,0,0,3.5,16,0,88,221,1,0,0,31,11,0,0.398190045,0
9,11,0,0,0,0,16,1,396,1567,0,0,0,0,11,0,0.252712189,1
44,14.5,0,0,0,12,14,4,57,106,0,0,6,0,14,1,0.537735849,0
77,58,2,0,0,10.5,17,13,366,555,1,0,18,30,10,0,0.659459459,0
10,23,0,0,3.5,6,17,1,446,474,0,0,96,0,15,0,0.94092827,0
17,134,2,0,0,14,19,0,1739,1600,0,0,1,86,13,0,1.086875,1
684,33,0,0,4,1,16,145,513,568,0,0,47,15,9,0,0.903169014,0
239,317,3,0,0,1,0,0,13428,5996,0,0,135,149,22,0,2.239492995,1
0,0,0,0,0,3.5,16,0,107,112,0,0,2,0,18,0,0.955357143,0
178,66.5,0,1,8,2,14,130,546,618,1,0,29,139,11,0,0.883495146,0
91,18,0,0,0,0,14,1,1310,774,0,1,5,132,13,0,1.69250646,1
129,18,0,0,2,5,19,85,117,111,0,0,32,0,6,0,1.054054054,0
18,29,0,0,3.5,11,12,3,145,141,0,1,1,137,13,0,1.028368794,0
74,102,1,0,0,0,16,73,6462,5357,1,0,14,44,6,0,1.206272167,1
481,69,0,0,2,2,16,324,1190,1299,0,0,91,0,14,0,0.916089299,0
354,80,0.5,0,11,0,16,1,898,38,0,1,20,99,7,0,23.63157895,1
92,945,7,1,0,1,13.5,11,22630,808,1,0,66,114,16,0,28.00742574,1
9,100,4,0,1,109.5,18,9,585,897,1,0,44,13,11,0,0.652173913,0
411,86,2,0,0,2,16,299,967,1331,1,1,56,14,6,0,0.726521412,0
451,42,3,0,3,2,10,92,10009,2624,1,1,108,114,16,0,3.814405488,1
188,87.5,0,93,2,9,7.5,87,14285,1740,1,0,6,141,9,0,8.209770115,1
98,38,0,1,0,5,16,84,292,369,1,0,11,12,7,0,0.791327913,0
6,73.5,1.5,0,0,27,15.5,6,194,256,0,0,3,13,12,0,0.7578125,0
47,38,0,0,1,15.5,17,16,314,430,0,0,49,33,9,0,0.730232558,0
1,369,84,0,0,3.5,9,0,1420,358,1,0,117,27,8,0,3.966480447,1
39,226,4,0,0,6,20,18,664,830,1,0,32,33,13,0,0.8,0
928,77.5,1,1,28,1,13,815,4510,842,1,1,238,138,13,0,5.356294537,1
1000,56.5,2,0,4,1,15,495,11604,7399,1,0,300,106,10,0,1.568320043,1
113,500,10,0,5,6,7,54,20443,811,1,1,172,52,13,0,25.20715166,1
50,43.5,0,0,0,9,15,42,226,279,0,0,15,0,13,0,0.810035842,0
621,77,3,0,18,1,6,202,10736,1826,1,1,68,150,14,0,5.879518072,1
117,45,2,0,29,5,4,106,2751,5985,0,0,14,150,13,0,0.459649123,1
158,8,0,0,0,0,10,0,397,245,1,1,0,107,12,0,1.620408163,1
674,88,4,0,28,1,6,139,9430,4584,1,1,83,138,9,0,2.057155323,1
0,0,0,0,0,3.5,16,0,74,92,0,0,0,12,9,4,0.804347826,0
613,18,0,0,1,1,17,359,989,898,1,0,18,26,9,0,1.101336303,0
82,88,2,0,26,1,15.5,9,9312,6663,1,0,7,9,14,0,1.397568663,1
4,41,2,0,0,127,20,1,175,298,0,0,84,0,16,0,0.587248322,0
207,21,0,0,0,3,16,12,831,896,1,0,121,0,14,0,0.927455357,0
38,175.5,3,0,0,11,19,10,371,370,1,0,40,19,13,0,1.002702703,0
23,61,2,0,1,46.5,18,6,361,415,1,0,45,0,12,0,0.869879518,0
676,187,7,0,0,1,12,227,12869,4454,0,1,119,141,17,4,2.889312977,1
123,60,0,0,0,9,17,58,622,546,0,0,67,16,13,0,1.139194139,0
30,206,4,0,1,1,11,30,1567,4441,0,0,24,112,19,0,0.352848458,1
1000,50,2,0,13,1,18,333,12814,1888,1,1,457,144,13,0,6.787076271,1
1000,56,2,0,2,1,6,903,6273,1508,1,1,3651,130,16,0,4.159814324,1
260,92,2,0,27,1,17,118,9308,4629,1,1,47,127,17,0,2.010801469,1
2,142.5,2.5,0,0.5,89,11.5,0,441,549,0,0,7,0,17,4,0.803278689,0
85,84,1,0,0,6.5,18,32,464,598,1,0,24,81,9,0,0.775919732,0
25,572,7,0,28,3,9,0,12440,4971,0,1,18,106,10,0,2.502514585,1
88,301.5,8,0,6,8,13,47,3476,1756,1,1,45,123,12,0,1.979498861,1
146,34,1,0,13,1,15,118,1193,3419,1,1,7,148,12,0,0.348932436,1
94,56.5,1,0,0,4,16,76,264,1803,0,0,3,65,13,3,0.146422629,0
240,25,1,0,0,5,14,43,629,648,0,1,83,0,11,0,0.970679012,0
192,21.5,0,0,6,1,15,129,194,260,0,0,4,0,15,0,0.746153846,0
1000,10,0,0,4,0,17,0,11687,3874,0,0,0,133,14,1,3.016778523,1
912,87,4,0,15,1,10,453,23013,1990,1,1,277,119,13,0,11.56432161,1
31,101,3,0,0,6,14,25,2402,2680,1,1,20,123,13,2,0.896268657,1
5,56,1,0,0,80.5,20,1,240,279,1,0,2,4,9,0,0.860215054,0
1,61,15,0,4,3.5,0,1,325,396,0,0,6,0,12,0,0.820707071,0
54,106.5,2,0,0,8,19,22,1827,660,1,1,44,50,16,0,2.768181818,1
80,128,1,0,0,15,19,1,682,636,0,0,121,0,17,0,1.072327044,0
40,39.5,0,0,0,22,17.5,21,504,469,0,0,61,0,11,0,1.074626866,0
926,101,2,0,17,0,15,404,9080,2708,1,1,1009,148,10,0,3.353028065,1
385,54,0,0,6,1,14,19,4771,874,1,1,10,121,9,0,5.458810069,1
449,59,1,0,6,2,16,204,11812,6503,1,1,291,62,20,0,1.816392434,1
6,50,3,0,5,44,19.5,5,99,107,0,0,0,0,8,0,0.925233645,0
192,39.5,0,0,0,5,17,18,379,446,0,0,60,0,10,0,0.849775785,0
10,225,3,0,0,78,16,1,1546,677,1,0,16,13,14,0,2.283604136,1
325,110,5,0,23,0,6,0,23822,3035,0,0,4,60,10,0,7.849093904,1
48,598,25,0,0,3,7,26,7603,2179,1,0,73,92,9,0,3.489215236,1
749,32,1,0,23,1,18,0,891,2813,1,1,56,137,12,0,0.31674369,1
9,492,10,0,0,5.5,3,1,7301,3818,1,1,13,77,10,0,1.912257727,1
695,46,3,0,6,1,9,14,17305,3535,1,1,89,141,17,0,4.89533239,1
61,36,0,0,0,4.5,14,55,493,634,1,1,7,88,8,0,0.777602524,1
152,13,0,0,0,3,14,34,280,230,1,0,0,148,13,0,1.217391304,0
81,201,10,0,9,1,20,6,4347,1761,1,1,89,75,17,0,2.468483816,1
72,33,0,0,1,5,16,9,363,445,0,0,20,42,11,0,0.815730337,0
6,27,0.5,0,0,19,11,1,117,81,1,0,0,50,9,0,1.444444444,0
2,71,0,2,0,1583,12.5,0,163,155,0,0,4,0,11,0,1.051612903,0
99,32,0,0,0,2,12,38,806,1261,0,1,3,137,9,0,0.639175258,1
1000,29,1,0,7,0,18,283,6061,2223,1,0,114,132,18,0,2.726495726,1
58,26.5,2.5,1,3,2,17,14,1771,1898,0,0,0,15,9,0,0.93308746,1
17,84,0,0,1,49.5,16,8,395,369,0,0,30,18,13,0,1.070460705,0
135,34,1,0,6,2,15,16,1940,1800,1,0,27,147,8,0,1.077777778,1
171,31,1,0,6,3,17,19,511,546,0,0,36,88,7,0,0.935897436,0
165,8,0,0,1,1,6,26,461,346,1,1,3,99,12,2,1.332369942,1
1000,124,4,2,4,1,12,408,23744,7363,1,1,742,139,13,0,3.224772511,1
16,1155,15,0,0,5,4.5,0,23571,1282,1,1,3,113,9,0,18.38611544,1
97,50,2,0,12,2,21,95,1612,7108,0,1,36,133,12,0,0.226786719,1
8,7,0,0,5,6,9,0,24,50,0,0,0,63,16,1,0.48,1
6,34,0.5,0,0,24,16.5,0,219,198,0,0,0,0,12,0,1.106060606,0
464,11,0,0,0,2,14,52,470,683,0,0,115,0,7,0,0.688140556,0
0,0,0,0,0,3.5,16,0,22,0,0,0,0,0,14,0,,1
2,1133.5,4.5,0,0,0,15,0,1390,404,0,0,0,119,8,2,3.440594059,1
48,201,3,0,29,1,15,6,2349,1641,0,1,16,48,11,0,1.431444241,1
191,36,2,0,28,1,10,75,656,1824,0,1,2,93,19,0,0.359649123,1
162,23,0,0,0,1,8,141,453,457,1,0,1,47,10,0,0.991247265,0
9,214,1,0,1,49,21,9,630,695,1,0,5,8,12,0,0.90647482,0
15,26,1,0,0,15.5,15,0,1772,963,0,0,22,127,8,0,1.840083074,1
91,47,1,0,2,5,17,19,353,348,0,0,18,27,7,0,1.014367816,0
12,75,2,0,0,11,7.5,7,267,238,0,0,4,14,11,0,1.121848739,0
126,26,0,0,0,10,7,85,442,446,0,0,63,21,10,0,0.99103139,0
12,14.5,0.5,1,0,38,19.5,1,38,39,0,0,0,0,10,4,0.974358974,0
114,41.5,0,0,0,5,16,14,602,724,0,0,57,0,10,0,0.831491713,0
26,63,2.5,0,5,26,16.5,3,375,388,0,0,25,10,10,0,0.966494845,0
1000,50,2,0,0,1,7,239,5340,3198,1,0,477,139,8,0,1.669793621,1
93,77,1,0,1,9,14,47,546,589,0,0,119,0,11,0,0.926994907,0
51,167,0,29,0,8,19,33,448,408,1,0,11,0,14,0,1.098039216,0
150,314,7,0,30,0,15.5,0,5140,2891,0,1,21,127,9,0,1.777931512,1
171,48,2,0,0,0,17,47,1300,2927,1,1,6,143,19,0,0.444140758,1
202,33,2,0,2,5,8.5,30,2387,711,0,0,29,150,13,2,3.357243319,1
50,37.5,2,0,10,0,6,6,952,1028,0,1,5,104,16,0,0.926070039,1
127,48,0,0,1,7,16,61,319,307,1,0,13,18,9,0,1.039087948,0
1000,86,3,0,9,1,9,15,7229,7365,1,1,593,105,9,0,0.981534284,1
4,95,3.5,0,10.5,34,17,0,1285,3782,0,0,0,98,13,0,0.339767319,1
223,29,0,0,2,4,16,45,441,359,1,1,65,75,13,0,1.228412256,0
285,41,1,0,14,1,16,18,4403,5002,1,0,45,26,17,0,0.880247901,1
116,84,3,0,0,8,21,45,311,311,0,0,13,0,10,0,1,0
1000,400.5,7,1,27,1,13,962,17006,7220,1,0,1074,148,30,0,2.355401662,1
343,39,1,0,7,2,18,90,6345,3282,1,1,70,118,18,0,1.933272395,1
34,76,1.5,0,0,7,15,1,486,587,0,0,25,11,9,0,0.827938671,0
111,39,0,0,9,7.5,17,67,1798,685,0,0,25,2,14,0,2.624817518,0
39,63,3,0,30,1,13,0,324,404,0,0,0,82,9,0,0.801980198,1
0,0,0,0,0,3.5,16,0,1074,2348,0,0,0,17,16,0,0.457410562,1
97,229,2,0,5,8.5,16,75,4135,3506,1,0,107,140,13,0,1.179406731,1
88,53,0,0,1.5,6,19,40,261,314,0,0,1,12,10,0,0.831210191,0
33,10,0,0,0,18,15,14,189,218,0,1,46,14,15,0,0.866972477,0
32,196.5,19.5,0,0,2,15.5,0,1798,974,1,0,104,132,8,0,1.845995893,1
3,141,12,0,0,284.5,21,0,522,350,1,0,2,24,9,2,1.491428571,0
447,15,0,0,5,0,12,11,1028,1174,1,1,1,150,11,0,0.875638842,1
2,27,1,0,0,366,11,0,89,85,0,0,7,0,14,2,1.047058824,0
0,0,0,0,0,3.5,16,0,454,4093,0,0,0,145,8,0,0.110921085,1
78,49.5,0,0,0,9,18,51,240,338,1,0,36,22,15,0,0.710059172,0
23,64,1,0,2,32,17,15,473,706,0,0,19,0,13,2,0.669971671,0
72,23,0,0,3,7,15,60,228,304,0,0,15,0,8,0,0.75,0
37,88,1,6,7,3,15,35,1208,550,1,0,0,149,13,0,2.196363636,0
14,67.5,0,0,0,1,20,10,194,105,1,0,0,41,7,0,1.847619048,0
173,46,0,0,0,2,18,91,226,266,1,0,4,0,13,0,0.84962406,0
539,102,5,0,9,1,8,119,10128,5201,1,1,572,113,8,0,1.947317823,1
222,169.5,5.5,0,29,1,11,206,5404,4874,1,0,6,145,22,0,1.108740254,1
289,64,0,23,2,4.5,17,114,1025,910,1,0,226,133,10,0,1.126373626,0
26,16,0,0,0,5,9.5,0,334,811,1,0,2,75,14,1,0.411837238,1
49,123,1,0,0,21,19,17,525,394,1,0,94,33,11,0,1.33248731,0
73,130,0,0,0,6,21,31,706,653,1,0,34,22,8,0,1.081163859,0
127,173,1,0,22,1,15,87,4033,962,1,0,32,47,12,0,4.192307692,1
529,26,0,0,6,0,16,251,1795,1293,0,0,0,137,10,2,1.388244393,1
5,107,5,0,0,29,21,3,855,1226,1,0,3,58,14,0,0.697389886,1
81,32,0,1,1,8,19,18,244,254,0,0,27,0,11,0,0.960629921,0
1000,87,3,1,7,1,7,126,15773,7500,0,1,83,145,8,0,2.103066667,1
20,24,0,0,3,25,16,2,353,584,0,0,67,0,9,0,0.604452055,0
0,0,0,0,0,3.5,16,0,150,1395,0,0,1,68,24,2,0.107526882,1
74,190.5,7.5,0,15,6,18,73,3093,1087,1,1,266,74,10,0,2.845446182,1
215,28,0,0,0,2,17,50,601,630,0,0,27,0,9,0,0.953968254,0
63,260,4,0,0,0,18,0,3773,2698,0,0,3,57,9,0,1.398443291,1
8,42.5,1.5,0,7,0,3,0,745,1156,1,1,0,144,17,0,0.644463668,1
0,0,0,0,0,3.5,16,0,49,125,0,0,0,0,11,0,0.392,0
150,77,6.5,0,13,4,7.5,13,5795,301,1,1,35,89,10,0,19.25249169,1
193,32,0,0,1,5,16,73,372,404,1,0,118,0,12,0,0.920792079,0
60,113,0,0,7.5,18,11.5,4,956,717,1,1,28,25,16,1,1.333333333,0
23,78,2,0,0,44.5,18,13,331,408,0,0,63,30,12,0,0.81127451,0
24,104,3,0,29,4,12,22,1995,852,1,1,17,99,17,0,2.341549296,1
121,109,4,1,0,3,8,83,1917,707,1,0,45,44,13,0,2.71145686,1
14,101.5,6.5,0,3,2,15,6,690,884,0,1,1,130,14,0,0.780542986,1
161,228,9,0,16,2,15,60,6625,2703,1,1,33,100,18,0,2.450980392,1
578,22,1,0,0,2,17,192,1010,1014,0,0,314,0,10,0,0.996055227,0
1000,138,6,0,29,1,14,73,31106,4525,1,1,291,131,10,0,6.874254144,1
280,61.5,1,0,1,4,17,71,1136,1012,1,0,293,0,8,0,1.122529644,0
61,123,1,0,3,5,19,61,651,615,0,0,22,35,9,0,1.058536585,0
317,11,0,0,0,2,11,145,2555,2144,0,0,77,133,10,0,1.191697761,1
30,1290.5,53.5,0,30,2,14,1,10929,363,0,0,18,29,13,0,30.10743802,1
73,69,0,0,0,3,12,44,653,862,1,0,8,90,12,2,0.757540603,0
16,47.5,0,0,0,52,16,2,329,348,1,0,22,16,6,0,0.945402299,0
46,48.5,0,4,0,19,19,28,315,399,1,0,15,57,11,0,0.789473684,0
113,583,8,0,16,1,15,40,3427,3555,0,1,10,136,8,0,0.963994374,0
168,84,2,0,1,3,15,87,12733,1857,1,1,75,76,9,0,6.856758212,1
112,50.5,2,0,6,2,16,90,1007,1812,1,1,18,140,21,0,0.555739514,1
1000,45,2,0,28,1,16,917,7101,4088,1,1,33,114,13,0,1.737035225,1
775,36,3,0,23,1,17,219,4426,1692,1,1,51,97,13,0,2.615839243,1
385,51,1,0,4,1,18,373,6391,2373,1,1,86,65,19,0,2.693215339,1
237,150,1,0,7,1,4,9,1478,2071,1,1,22,144,13,2,0.713664896,1
353,50,0,0,0,1,14,285,478,549,1,0,37,46,11,0,0.870673953,0
443,23,1,0,17,1,16,5,4358,6211,0,1,9,150,9,4,0.701658348,1
284,89,3,0,30,3,15,173,3469,1586,1,0,52,94,9,0,2.187263556,1
73,142,2,0,0,16.5,19,57,478,487,1,0,26,17,5,0,0.981519507,0
34,57.5,2,0,0,41,19,10,249,251,0,0,13,13,11,0,0.992031873,0
37,73,0,2,0,6,19,16,315,354,1,0,8,0,13,0,0.889830508,0
191,300,2,0,20,1,16,0,3170,3402,0,0,1,43,17,0,0.931804821,1
99,217,3,0,29,2,18,84,6766,3197,1,1,67,114,8,0,2.116359087,1
36,35.5,0,3,0,34,13,22,319,317,1,0,4,15,21,4,1.006309148,0
68,24,0,0,0,6,16.5,50,716,559,0,0,5,0,11,0,1.280858676,0
24,41.5,0,0,4,1,12,15,284,472,1,0,2,0,10,0,0.601694915,0
18,3.5,0,0,0,0,3,0,180,1237,0,1,0,100,23,0,0.145513339,1
25,34,1,0,0,44.5,12,8,344,472,0,0,26,0,10,0,0.728813559,0
37,33,0,0,0,2,14,0,392,560,0,0,2,0,7,0,0.7,1
1000,124,4,2,4,1,12,408,23758,7224,1,1,737,139,13,0,3.28875969,1
25,78,0,0,0,14.5,18,1,310,306,1,0,0,21,13,0,1.013071895,0
96,45.5,0,0,2,13,18,31,337,390,0,0,112,0,7,0,0.864102564,0
265,231,18,0,29,1,17,263,2252,1540,0,1,0,150,14,0,1.462337662,1
232,32,1,0,13,1,16.5,91,1966,2152,0,0,3,50,16,0,0.913568773,1
21,114,1,3,0,56,17,14,512,546,1,0,29,83,7,0,0.937728938,0
0,0,0,0,0,3.5,16,0,27,71,0,0,0,0,15,0,0.38028169,0
179,24,2,0,8,1,15,0,1327,6277,1,0,1,25,12,0,0.211406723,1
24,5.5,0,0,2,5,9,1,86,129,0,0,18,0,9,0,0.666666667,0
796,19,1,0,0,1,14,308,5600,3701,1,1,113,150,7,1,1.513104566,1
43,15,0,0,1,19.5,16,18,387,780,0,0,38,0,9,0,0.496153846,0
1,2,0,1,0,3.5,10,0,5,15,0,0,0,0,16,4,0.333333333,0
14,81.5,1,0,0,26,16.5,1,411,409,1,0,23,12,12,1,1.004889976,0
112,87.5,1,0,0,9,17,74,675,733,0,0,118,11,7,0,0.920873124,0
36,282.5,14,0,0,4,18.5,8,11802,3934,1,1,13,147,5,2,3,1
63,562,6,0,11,5,16,33,23284,2828,1,1,27,125,13,0,8.233380481,1
25,68,1,0,0,64.5,15,4,448,480,0,0,50,0,9,0,0.933333333,0
130,143,4,0,27,1,15,130,6197,1906,1,0,11,27,16,0,3.251311647,1
13,76,1,0,3,46.5,20,1,549,607,0,0,36,0,14,0,0.904448105,0
38,36,1.5,0,0,10,16.5,26,669,417,1,0,2,12,14,0,1.604316547,1
149,58,1,0,1,7,18,83,526,762,0,0,182,20,10,0,0.690288714,0
36,48.5,0,0,1.5,19,17,34,336,538,0,0,21,0,15,0,0.624535316,0
18,24,1,0,30,1,8,9,8080,714,0,0,0,114,13,0,11.31652661,1
687,76,2,0,0,1,16,167,325,387,1,0,59,40,11,0,0.839793282,0
14,54.5,3,0,1,16,11.5,4,288,322,1,0,21,21,9,0,0.894409938,0
62,17.5,0,0,0,14,16,13,176,169,0,0,11,0,9,0,1.041420118,0
22,34.5,0.5,0,0,37,10.5,6,315,314,0,0,1,0,11,2,1.003184713,0
1000,318,2,0,9,1,13,790,16231,2772,1,1,424,126,9,0,5.855339105,1
1000,61,0,0,29,1,14,938,13736,5920,1,1,12,150,12,0,2.32027027,1
52,56,1,0,2,0,16.5,1,1734,3986,1,1,0,97,16,0,0.435022579,1
126,14.5,0,0,0,6,15,53,214,307,0,1,16,49,9,0,0.697068404,0
106,67,0,3,1,6,17,42,1555,1105,0,0,106,0,14,0,1.407239819,0
41,35,1,0,18,2,18,0,678,1079,0,0,3,136,16,0,0.628359592,1
13,66,1,0,22,1,4,12,431,1666,0,1,1,123,18,0,0.258703481,1
84,78.5,1,0,0,10,17,26,553,728,1,0,25,0,9,0,0.759615385,0
17,112,4,0,0,78,19,12,249,283,0,0,50,59,10,2,0.879858657,0
12,149,6.5,0,0,33,18,2,515,460,1,0,4,0,12,0,1.119565217,0
672,61,3,0,0,1,9,249,4827,6408,0,1,315,84,17,0,0.753277154,1
143,293,3,0,7,0,10,135,2915,2111,0,0,44,70,11,0,1.380862151,1
1000,415.5,19,0,10,1,10,472,25848,5844,1,1,942,144,15,0,4.422997947,1
37,73,0,0,2,29.5,14,11,342,304,0,0,116,0,14,0,1.125,0
408,586.5,5,1,0,1,16,122,52480,1566,1,0,9,39,15,0,33.51213282,1
160,64.5,3,0,0,7,18.5,60,301,324,1,0,28,50,6,0,0.929012346,0
57,24,0,0,1,1,17,52,409,420,0,0,107,0,10,0,0.973809524,0
21,79,1,0,1,54.5,16,5,433,449,0,0,53,139,11,0,0.964365256,0
102,52,1,0,0,4,18,51,329,259,0,0,27,14,10,0,1.27027027,0
222,166.5,2,0,16,2,17,206,1250,789,1,1,68,14,11,0,1.584283904,0
413,79,2,1,0,1,15,268,1594,2587,1,1,18,119,13,0,0.616157712,1
58,147,2,0,1,9,20,32,600,600,0,0,0,58,13,0,1,0
193,39,0,0,1,3,18,86,393,455,1,0,18,17,8,0,0.863736264,0
254,37,1,0,0,2,18,187,1640,2580,1,1,54,71,14,0,0.635658915,1
10,86.5,2,0,0,24,19,7,593,895,0,0,13,0,10,0,0.662569832,0
868,121,4,0,2,1,6,844,9406,4630,1,1,551,149,10,0,2.031533477,1
9,18,0,0,0,42,16,0,187,172,0,0,11,0,6,0,1.087209302,0
51,762,127,15,0,1.5,4,45,40002,2528,1,0,231,102,9,0,15.82357595,1
405,74,1,0,1,2,18,207,913,837,1,0,121,1,11,2,1.090800478,0
1000,108,3,0,17,1,12,789,6529,3310,1,1,370,94,12,0,1.972507553,1
11,15,1,0,0,1,7,0,927,5067,0,1,0,129,27,0,0.18294849,1
1,3,0,0,0,3.5,10,1,377,259,0,0,0,113,11,0,1.455598456,1
104,38,0,0,0,1,20.5,65,295,364,1,0,6,0,9,0,0.81043956,0
25,28,3,0,0,32.5,19,2,200,237,0,0,56,0,6,0,0.843881857,0
379,247,4,0,23,1,17,11,7490,4852,0,1,3716,143,22,0,1.543693322,1
98,27,0,0,0,5,17,12,3669,391,0,1,29,128,14,0,9.383631714,1
1000,97,3,0,18,1,7,888,4364,7502,1,1,399,106,14,0,0.581711544,1
52,15,0,0,1,7,18,39,280,433,0,1,3,56,14,0,0.64665127,0
75,94,1,0,0,9,19,20,421,465,1,0,44,24,15,0,0.905376344,0
5,63,2,0,3,3,8,4,345,362,0,0,5,0,12,0,0.953038674,0
76,60.5,2,0,0,12,13,23,257,712,1,0,2,30,9,0,0.360955056,0
584,29.5,1,0,0,2,6,22,1285,2755,1,0,31,112,14,0,0.466424682,1
42,42.5,0.5,0,0,1,16,0,2710,756,0,0,0,125,13,0,3.584656085,1
46,180,2,0,22,0,12,4,38034,770,1,1,1,141,11,0,49.39480519,1
64,367.5,4,0,0,7,6.5,0,2402,1729,1,0,24,39,11,3,1.389242337,1
569,63,1,0,1,2,16,264,1015,978,1,1,73,118,10,0,1.037832311,0
0,0,0,0,0,3.5,16,0,2,0,0,0,0,0,12,0,,0
0,0,0,0,0,3.5,16,0,79,88,0,0,5,0,7,0,0.897727273,0
7,69,1,0,0,21,20,0,159,168,0,0,9,33,10,2,0.946428571,0
121,119,2,0,26,5,17,106,2070,2106,0,0,0,18,27,0,0.982905983,1
206,108,5,0,3,1,13,198,9750,2188,1,1,57,120,10,0,4.456124314,1
13,187,9,0,9,3,18,0,1458,5712,0,0,0,150,15,0,0.255252101,1
53,126,1,0,0,12,17,20,385,437,0,0,60,0,7,0,0.881006865,0
9,13,0,0,0,1,13,0,210,198,0,1,3,0,12,0,1.060606061,0
10,40.5,1,0,0,136,18.5,4,227,255,1,0,6,136,10,0,0.890196078,0
2,41,2,0,0,1178,17.5,0,115,77,0,0,6,0,9,0,1.493506494,0
722,13,0,0,6,1,15,19,3017,2591,1,0,24,144,13,0,1.164415284,1
21,146,5,0,27,2,13,0,1199,1314,0,1,0,48,15,0,0.912480974,1
6,19,0,0,0,2,12.5,0,206,42,1,1,2,21,8,0,4.904761905,1
15,340,20,0,0,7.5,11,0,2183,1810,0,0,38,14,9,0,1.206077348,1
665,70,2,0,0,0,12,1,2823,3983,0,1,104,64,11,0,0.70876224,1
18,136.5,0,2,0,41,18,7,534,475,1,0,5,22,15,0,1.124210526,0
211,60,0,0,1,5,19,90,580,397,0,1,18,36,11,0,1.460957179,0
400,54.5,1,0,16,1,16,149,873,342,0,1,7,76,7,0,2.552631579,0
4,54,0,0,0.5,8,14.5,0,113,195,0,0,0,0,11,0,0.579487179,0
342,453.5,7,0,29,1,17,0,24458,3212,0,1,9,125,21,0,7.614570361,1
743,31,1,0,6,1,15,290,11177,1632,1,0,171,138,15,0,6.848651961,1
2,101.5,10.5,0,0,28,14.5,2,405,471,0,0,0,32,20,0,0.859872611,0
163,18,2,0,0,4,16,67,1067,2515,1,0,6,71,14,0,0.424254473,1
65,95,4,0,28,1,11,61,1619,7200,0,0,4,144,13,0,0.224861111,1
292,77.5,2,0,5,3,17,198,2717,772,1,0,29,53,11,0,3.519430052,1
590,59,1,0,13,2,17,389,6589,726,1,1,85,113,9,1,9.075757576,1
1000,64,0,0,0,1,15,128,1111,1869,1,1,17,123,15,2,0.594435527,1
102,141,4,0,6,1,11,0,2594,370,0,1,5,41,12,0,7.010810811,1
22,71,3.5,0,2,22,16,3,271,277,0,0,0,57,16,0,0.97833935,0
11,15,0,0,2,31.5,13,0,175,179,0,0,4,6,5,0,0.977653631,0
1,82,1,0,0,3.5,19,0,274,257,1,0,8,32,17,4,1.06614786,0
180,25.5,0,0,6,0,16,34,2536,2715,0,1,23,148,13,0,0.934069982,1
1,74,3,0,0,3.5,14,1,142,139,0,0,2,0,14,2,1.021582734,0
166,471,3,0,30,1,21,2,2561,1569,1,1,95,121,16,0,1.632249841,1
698,72,2,0,0,0,12,1,3072,2595,0,1,104,64,11,0,1.183815029,1
1000,62,2,0,0,1,5.5,544,9867,5408,1,1,296,150,9,0,1.824519231,1
16,29.5,1.5,0,5,0,21.5,0,284,382,0,0,8,133,12,0,0.743455497,1
279,190,2,0,11,1,17,158,14952,6671,1,1,52,145,19,0,2.241343127,1
95,13,0,0,0,2,18,41,208,337,0,0,1,0,8,0,0.617210682,0
3,71,2,0,0,96.5,21,2,166,188,0,0,2,14,12,0,0.882978723,0
130,174,4,0,1,7,18,115,1783,983,0,0,182,0,8,0,1.813835198,0
34,54,0,0,0,6,16.5,23,240,346,0,0,12,0,11,0,0.693641618,0
132,51.5,1,0,0,5,14,0,1040,1213,1,0,14,124,15,0,0.857378401,1
502,95,3.5,4,1,1,8,226,5014,2571,1,1,164,147,13,0,1.950213925,1
304,37,2,8,2,1,14,292,10809,4735,1,1,48,138,9,0,2.282787751,1
0,0,0,0,0,3.5,16,0,4,9,0,0,0,0,17,0,0.444444444,0
540,44,2,0,19,1,8,48,3552,1156,1,1,42,145,7,0,3.07266436,1
126,39,1,0,1,0,13.5,63,2517,6741,1,0,1,140,10,0,0.373386738,1
297,37,0,0,0,2,9,132,362,1056,0,0,124,0,12,0,0.34280303,0
8,214,48,0,11.5,2,22.5,1,458,302,0,0,0,86,15,0,1.516556291,1
76,37.5,1,0,19,1,4.5,60,1807,2841,1,1,0,136,19,0,0.636043647,1
191,29,0,0,8,1,4,38,1906,814,1,1,89,39,21,0,2.341523342,1
93,222,6,1,0,3,15,79,5924,1603,1,1,9,129,10,2,3.695570805,1
327,254,8,0,30,1,1,305,5282,5407,1,1,26,143,11,0,0.97688182,1
476,67,3,0,7,1,11,409,4981,1972,1,1,37,132,20,0,2.525862069,1
27,26,0,0,9,1,14,0,458,1423,0,0,0,0,14,0,0.321855235,1
60,512,3,3,5,2,15,1,3434,2019,1,0,11,120,20,0,1.700842001,1
23,414,0,0,0,9.5,12,1,190,251,0,1,2,0,10,0,0.756972112,1
200,51,1,0,3,7,17,175,724,598,0,0,57,66,7,0,1.210702341,0
32,26,0,0,0,5,7.5,1,626,306,1,0,5,125,12,1,2.045751634,1
14,1995.5,9,0,27.5,2,6,9,816,2478,0,0,0,44,11,0,0.329297821,1
134,40,1,1,0,12,17.5,90,307,298,0,0,84,46,11,0,1.030201342,0
64,61.5,0,2,0,3,18,24,249,314,1,0,2,0,11,0,0.792993631,0
10,200,4,0,0,1,5,10,1239,518,1,0,0,75,15,0,2.391891892,1
78,25.5,0,0,3.5,14,15,40,544,505,1,0,21,39,11,0,1.077227723,0
17,24,0,0,0,56.5,21,4,202,216,0,0,3,42,6,0,0.935185185,0
94,94.5,0,0,0,12,17,49,469,536,1,0,26,32,11,0,0.875,0
23,121,0,0,1,23.5,17,10,617,529,0,0,12,63,8,0,1.166351607,0
145,27,1,0,0,1,16,87,3940,1524,1,1,47,125,8,0,2.585301837,1
0,0,0,0,0,3.5,16,0,215,199,0,0,1,3,17,0,1.08040201,0
502,195.5,6,0,0,0,12,455,3968,2127,1,1,87,63,18,0,1.865538317,1
24,152,3.5,0,30,2,6,12,1159,401,1,1,11,57,13,0,2.890274314,1
475,57,0,0,26,1,16,104,11600,7159,1,1,224,61,8,0,1.620338036,1
194,129,1,0,0,5,17,77,957,761,1,0,113,111,20,0,1.257555848,0
33,41,0,0,0,6,14,26,266,354,0,1,4,45,19,0,0.751412429,0
36,80.5,2,0,28,1,14,5,904,657,0,1,3,59,19,0,1.375951294,1
219,27,0,0,0,3,17,52,478,597,0,0,34,18,7,0,0.800670017,0
450,20,0,0,2,1,15,87,1013,1028,1,0,21,46,9,0,0.98540856,0
579,50,2,0,0,2,17,333,3564,1972,1,0,111,50,12,0,1.807302231,1
49,51,1,3,0,15.5,18,36,358,493,1,0,44,44,11,0,0.726166329,0
7,59,0,0,0,42.5,16,4,194,211,1,0,3,35,10,0,0.91943128,0
979,17,0,0,1,1,16,115,1266,697,1,1,47,60,14,0,1.816355811,1
23,154,2,0,6,8.5,19,23,1578,938,1,1,33,81,14,0,1.682302772,1
8,61,2,0,4.5,1,19.5,0,404,1700,0,0,0,116,12,0,0.237647059,1
167,4,0,0,0,2,17,16,190,356,0,0,9,0,6,0,0.533707865,0
387,20,0,0,2,2,18,66,272,528,0,0,30,32,10,0,0.515151515,0
3,91,3,0,1,76,4,3,768,882,1,0,5,59,7,0,0.870748299,1
1,7,0,0,0,3.5,18,0,27,24,0,0,0,54,11,0,1.125,0
24,30,0.5,0,2,46,17.5,12,304,339,0,0,60,0,14,0,0.896755162,0
23,14,0,0,0,3.5,20,1,219,398,0,0,1,0,11,0,0.550251256,0
1000,88,4,0,4,1,8,99,8675,1799,1,0,205,81,18,0,4.822123402,1
712,143,5,0,26,1,15,575,13466,5277,1,0,56,116,14,0,2.551828691,1
3,56,1,0,0,135.5,21,1,183,250,0,0,36,0,11,1,0.732,0
49,105,6,0,30,1,15,0,4987,7279,1,0,50,61,18,0,0.685121583,1
55,27,0,0,0,15,19,45,225,238,0,0,38,0,15,0,0.945378151,0
50,17.5,0,50,0,5,14,0,360,417,1,0,6,116,12,1,0.863309353,0
18,54.5,2,0,0,0,12,6,2005,1759,0,0,20,26,13,0,1.139852189,1
208,16,0,0,20,6,16,67,646,1060,1,0,16,98,10,2,0.609433962,1
315,20,1,0,2,2,13,0,997,314,0,0,20,25,14,0,3.175159236,1
48,33.5,0,0,2,6,16,39,370,454,0,0,29,32,7,0,0.814977974,0
6,106.5,6.5,0,9,1,18,0,817,1828,0,1,0,74,15,0,0.446936543,1
88,83.5,3,0,8,2,11.5,72,3038,3920,0,0,13,0,13,0,0.775,1
0,0,0,0,0,3.5,16,0,40,45,0,0,0,11,10,4,0.888888889,0
74,33.5,1,0,26,0,14,2,562,788,0,1,1,113,15,0,0.71319797,1
966,108.5,4,0,9,1,14,373,21248,4402,1,1,627,140,11,0,4.826896865,1
46,136,1,0,3.5,21,19,30,544,501,1,0,25,39,9,0,1.085828343,0
34,191.5,6,0,0,14,21,17,749,663,0,0,32,25,6,0,1.129713424,0
16,62,3,0,0,38,17,9,469,473,0,0,41,8,12,0,0.99154334,0
239,33,0,0,7,1.5,17,226,1736,3623,1,0,3,139,16,0,0.479160916,1
52,234.5,19.5,0,21,1,17,28,3271,3121,1,0,41,40,15,0,1.048061519,1
141,1311,45,0,13,4,5,128,20593,3891,1,1,512,87,12,0,5.292469802,1
7,260,9,0,1,21.5,21,4,592,521,0,0,2,26,11,0,1.136276392,0
612,113,1,0,0,1,15,197,58094,7316,1,1,160,102,15,0,7.940677966,1
32,41.5,0,0,0,1,9,0,421,1182,1,0,0,136,23,0,0.356175973,1
36,309,3,0,3,4,7,0,11090,1594,1,1,25,132,13,0,6.957340025,1
0,0,0,0,0,3.5,16,0,63,104,0,0,1,0,12,0,0.605769231,0
61,84,1,0,0,13,18,15,331,389,0,0,51,0,12,0,0.850899743,0
21,95,3,0,0,40,16,3,458,455,1,0,21,41,12,0,1.006593407,0
65,139,2,1,0,11,16,25,444,354,1,0,61,5,12,0,1.254237288,0
545,397,7,0,0,1,20,20,17897,7132,1,1,143,27,22,0,2.509394279,1
34,70,1,0,0,27,19.5,30,469,546,0,0,115,0,9,0,0.858974359,0
74,12,0,0,0,1,9,29,255,432,0,0,4,0,10,0,0.590277778,0
100,37.5,0,0,4,0,15,5,9932,14,0,1,3,91,9,0,709.4285714,1
0,0,0,0,0,3.5,16,0,74,89,0,0,11,0,10,0,0.831460674,0
93,45,4,0,0,1,10,0,4763,3324,1,0,1,146,19,0,1.432912154,1
1,256,13,0,14,3.5,6,0,7658,2372,1,0,0,15,8,0,3.228499157,1
255,401,2,0,1,1,17,2,7517,5134,1,1,0,78,14,0,1.464160499,1
132,2106.5,1,0,27,1,14,124,203175,796,1,0,3,146,18,0,255.2449749,1
594,4,0,2,0,0,12,130,492,2774,0,1,2,87,7,4,0.177361211,1
16,81,5,0,0,1,5.5,0,609,285,0,0,0,0,19,0,2.136842105,1
9,36,0,0,0,50,14,5,345,373,0,1,5,0,16,0,0.924932976,0
37,76,3,0,0,6,12,2,1413,1859,1,1,36,128,11,0,0.760086068,1
155,70,1,0,0,6,16,17,428,625,0,0,0,0,14,0,0.6848,0
1000,29,1,0,0,1,16,518,1441,2888,0,0,30,13,8,0,0.498961219,1
199,19,1,0,1,3,16,0,3760,5858,0,1,4,66,20,0,0.641857289,1
99,62,0,0,0,8,16,35,322,305,0,0,47,31,11,0,1.055737705,0
152,30,2,0,22,0,6,26,2483,2501,1,0,6,112,13,0,0.992802879,1
2,11,1,0,0,7,16.5,0,124,140,0,0,16,103,8,2,0.885714286,0
147,194,4,0,29,3.5,18,30,13419,1483,1,1,61,131,22,0,9.048550236,1
11,82,3,0,0,39.5,21,1,1054,2272,0,0,5,18,7,0,0.463908451,1
22,132.5,4.5,0,7,4,7,21,1030,591,0,0,0,23,9,0,1.742808799,1
687,58,4,0,3,1,16,207,6789,1253,1,0,119,148,12,0,5.418196329,1
27,29,0,0,30,0,14,0,1251,7336,0,1,8,111,13,0,0.170528899,1
92,42.5,0,1,1,8,17,55,352,331,0,0,33,0,9,0,1.063444109,0
108,225,4,0,12,1,8,76,3560,3290,1,1,7,80,14,0,1.082066869,1
120,36.5,1,0,8,2,12,3,1364,629,1,0,52,24,12,0,2.168521463,0
66,114,2.5,0,0,16,20.5,18,387,455,0,0,10,0,12,0,0.850549451,0
19,163,0,0,0,19.5,16,16,579,612,0,0,27,33,8,0,0.946078431,0
244,1284.5,8,0,5,1,17,133,10739,5741,1,1,580,145,14,0,1.870580038,1
672,1250,18,1,28,0,14,667,98316,852,1,1,6090,118,22,0,115.3943662,1
16,1223,16,0,0,5,4.5,0,23389,1453,1,1,3,113,9,0,16.09704061,1
46,14,0,0,0,10,13.5,18,108,73,0,0,4,25,13,0,1.479452055,0
9,42,0,0,1,39.5,16,6,192,233,1,0,1,40,10,1,0.824034335,0
356,738,19,0,0,2,20,331,26160,2597,1,1,615,94,7,0,10.07316134,1
31,91,1,0,1,3,20,16,385,256,1,0,21,88,12,0,1.50390625,1
53,97,2,0,0,23,14,40,443,630,1,0,66,52,10,0,0.703174603,0
18,946,7.5,0,0.5,2,15,18,15577,1713,1,1,479,135,10,0,9.093403386,1
233,259,7,0,3,3,19,167,20229,1291,0,1,262,56,8,0,15.66924864,1
148,59.5,2,0,28,1,15,50,6204,6838,1,1,6,143,22,0,0.907282831,1
22,61.5,1,0,3,28,21,5,396,343,0,0,44,6,10,0,1.15451895,0
170,51,0,0,2,4,17,110,494,642,0,0,88,0,11,0,0.769470405,0
15,1373,105,0,0,14.5,17,6,25558,3716,1,1,3,146,7,3,6.877825619,1
8,55.5,1,0,0.5,77,16.5,2,333,330,0,0,58,0,11,0,1.009090909,0
194,81,4,0,7,2,17,22,5766,7441,0,1,14,98,16,0,0.774895847,1
584,147.5,2,0,6,1,16,88,5774,394,1,0,45,113,12,0,14.65482234,1
20,195,1.5,9,0,11,17,5,10558,547,1,0,0,56,9,1,19.30164534,1
162,74.5,0,0,1,7,18,54,558,610,1,0,2,36,10,0,0.914754098,0
105,63,1,0,9,0,5,72,987,632,0,1,3,14,13,0,1.561708861,1
135,25,2,0,6,1.5,6,19,1384,1555,1,1,5,122,18,0,0.890032154,1
0,0,0,0,0,3.5,16,0,41,9,0,0,0,3,8,2,4.555555556,1
92,197,7,0,20,1,12,0,11135,1560,0,0,603,26,25,0,7.137820513,1
8,10.5,0,0,0,0,23,0,162,719,0,0,0,135,18,1,0.225312935,1
322,94,2,1,2,2,11,28,4543,3525,0,1,492,136,10,4,1.288794326,1
113,31,0,0,1,11,16,30,519,484,0,0,107,45,9,0,1.07231405,0
28,637,6,0,10,1,18,10,13724,4919,0,0,3,0,7,0,2.789997967,1
38,264.5,2,0,0,3,14,34,299,156,1,0,1,33,7,0,1.916666667,0
84,12,0,0,0,5,16,3,228,97,0,0,0,10,11,0,2.350515464,0
306,729.5,20,0,1,2,20,296,25827,2925,1,1,129,80,9,0,8.82974359,1
320,62,1,0,5,1,17,4,4994,4481,0,1,717,129,20,0,1.114483374,1
8,140,4,1,0,40,16,0,332,337,0,0,16,0,11,0,0.985163205,0
1,397,20,0,1,3.5,23,0,35188,738,1,1,23,0,13,0,47.6802168,1
59,42,1,0,0,4,9,18,1144,2057,1,0,33,133,8,0,0.556149733,1
44,93,3,0,1,18,20,24,357,489,0,0,54,0,11,0,0.73006135,0
6,96,3.5,0,1,115,6.5,2,592,1003,1,0,20,56,12,0,0.590229312,1
46,37,0,0,0,11,16,5,480,466,0,0,25,20,15,0,1.030042918,0
2,23,0,0,0,40,0.5,0,56,65,0,0,0,0,10,0,0.861538462,0
77,48,1,0,24,2,16,44,1463,2802,1,1,44,150,13,0,0.522127052,1
452,42.5,3,0,3,2,10,93,10282,3626,1,1,108,133,16,0,2.83563155,1
1,801,0,0,0,3.5,22,0,63,681,1,0,1,141,16,0,0.092511013,1
2,158.5,4.5,0,14,16,22,0,174,556,0,0,1,0,16,2,0.31294964,1
72,5,0,0,1,0,17,8,159,369,0,0,8,9,13,0,0.430894309,0
57,24,0,0,0,4,6,4,157,203,0,0,4,0,13,0,0.773399015,0
37,492,16,0,3,4,16,22,33000,4184,1,1,24,102,9,0,7.887189293,1
143,291,16,0,0,6,19,112,9966,2666,0,1,151,150,16,0,3.738184546,1
69,169,2,1,0,4.5,18,23,616,604,1,0,19,8,12,0,1.01986755,0
330,46.5,3,0,0,2,16,79,1568,765,0,0,83,74,11,0,2.049673203,1
192,137,3,0,8,1,13,2,3242,1827,1,0,14,127,10,0,1.774493706,1
7,130,4,0,0,64.5,18,6,355,344,0,0,2,21,13,0,1.031976744,0
11,70,0,7,0,26,21,5,206,210,0,0,1,42,10,0,0.980952381,0
450,835.5,2,0,0,2,7,223,12263,4674,0,1,2810,133,18,0,2.623662816,1
78,27,1,1,6,16,16,56,224,187,1,0,17,146,8,2,1.197860963,0
2,51.5,4,0,0,880,16,1,194,225,1,0,12,0,10,0,0.862222222,0
0,0,0,0,0,3.5,16,0,151,172,0,0,0,0,8,0,0.877906977,0
79,11,0,0,3,7,16,58,187,268,1,0,185,0,8,0,0.697761194,0
1000,234,5,0,25,0,7,11,6292,1512,0,0,1256,59,13,0,4.161375661,1
4,4,0,0,0,9,16.5,0,175,39,0,0,20,0,11,0,4.487179487,0
52,110.5,2,0,6.5,22,16.5,11,820,817,0,0,20,66,15,1,1.003671971,0
101,173,2,0,1,6,17,15,1486,993,1,1,22,144,13,2,1.496475327,0
18,44,0,0,1,59,15.5,13,216,245,0,0,96,0,13,0,0.881632653,0
2,196.5,3.5,0,0,12,16,0,439,578,0,0,81,0,8,0,0.759515571,0
57,152,9,0,0,1,12,0,7529,1408,0,1,10,29,16,0,5.347301136,1
1000,252.5,4,0,9,1,15,960,23087,1745,1,1,449,141,6,2,13.23037249,1
178,39,2,0,30,2,15.5,118,1202,1605,0,1,0,55,7,0,0.748909657,1
134,103.5,1,6,0,6,19,70,278,323,1,0,12,0,8,0,0.860681115,0
30,113,2,1,0,36,18,14,456,538,0,0,0,8,11,0,0.847583643,0
578,32,1,0,13,1,12,16,5260,2785,0,1,97,23,16,0,1.888689408,1
12,27,0.5,0,28,0,18,0,122,963,0,0,0,108,15,0,0.126687435,1
149,88,4,0,2,7,6,112,2949,1797,1,1,162,91,15,0,1.641068447,1
166,177,3,1,0,1,10,79,5874,1897,1,0,8,0,10,0,3.096468108,1
359,10,0,0,1,0,13,0,2663,4312,0,1,4,148,16,2,0.61757885,1
212,72.5,2,0,0,3,9,20,2417,1343,1,0,53,144,11,2,1.799702159,1
119,60,1,0,2,7,7,93,10228,7108,0,0,98,17,14,0,1.438942037,1
33,12,0,0,0,15.5,18,0,173,132,0,0,5,0,10,0,1.310606061,0
265,44,1,0,0,4,17,37,300,597,1,0,70,13,6,0,0.502512563,0
0,0,0,0,0,3.5,16,0,278,302,0,0,1,19,15,0,0.920529801,0
45,110,2,0,0,30.5,20,4,362,437,1,0,4,23,10,0,0.828375286,0
222,336,5.5,0,0,3,13,54,5668,3295,0,0,72,66,14,0,1.720182094,1
3,8,2,0,0,749,15,0,244,284,0,0,166,0,9,0,0.85915493,0
48,194,0,0,0,20,20,8,853,554,0,0,32,46,8,0,1.539711191,0
1000,50,2,0,25,1,7,791,4005,1086,0,1,112,125,10,0,3.687845304,1
149,39,1,0,9,5,17,5,7413,1986,0,0,534,84,7,0,3.732628399,1
11,27,1,0,1,15.5,14,0,209,557,0,0,23,0,8,0,0.375224417,0
63,19,0,0,0,1,11,2,982,2759,0,1,0,73,11,3,0.35592606,1
115,125,6,0,0,2,13,20,7694,5895,1,1,10,100,13,2,1.305173876,1
974,24,0,0,1,1,17,263,609,1159,1,1,218,1,13,0,0.525452977,0
137,40,1,0,3,4,7,67,430,478,0,0,80,4,11,0,0.89958159,0
659,80,1,0,14,1,16,348,5796,6866,0,1,134,140,12,0,0.844159627,1
151,128,3,0,16,5.5,16,25,2112,963,1,0,174,17,9,1,2.193146417,1
37,35,0,0,3,0,17,37,4546,3209,0,1,60,10,17,0,1.416640698,1
23,144,6,0,29,0,17,15,845,696,0,1,3,150,18,0,1.21408046,1
253,435,3,0,0,1,20,90,10958,4048,1,1,204,144,8,0,2.70701581,1
27,284,3,0,0,36,18,10,794,784,0,0,103,0,11,0,1.012755102,0
17,39,1,0,2,33.5,19,2,543,731,0,0,159,0,8,0,0.742818057,0
32,45.5,0,2,1,19,18.5,12,212,250,1,0,0,23,10,4,0.848,0
16,164,3,0,1,0,6,4,2510,7491,0,0,1,84,9,0,0.335068749,1
93,129,0,0,0,4,16,20,1000,450,0,0,9,0,11,0,2.222222222,0
44,53.5,0,0,0,0,9.5,0,913,2051,0,0,4,40,9,0,0.445148708,1
6,27.5,0,0,0,53,20.5,4,110,136,0,0,4,19,10,4,0.808823529,0
36,84,10,0,0,5,8,8,1406,1582,1,0,30,31,9,0,0.88874842,1
88,156.5,2,0,5,2,7,52,8570,3054,1,1,65,134,11,0,2.806155861,1
5,9,0,0,3,67,9,0,88,143,0,0,4,34,8,0,0.615384615,0
12,29.5,1,0,0,28,17,5,270,318,0,0,10,23,11,0,0.849056604,0
84,1176.5,23.5,0,20,1,19,68,14787,7500,1,0,47,124,12,0,1.9716,1
672,347.5,4,0,0,0,10,4,46510,6109,1,1,8963,132,17,0,7.613357342,1
3,34,2,0,0,106.5,17,2,81,171,0,0,2,3,12,0,0.473684211,0
237,54,1,1,0,3,16,125,516,864,1,0,31,72,8,0,0.597222222,0
12,355,5.5,0,30,1,4.5,0,1944,1070,1,1,0,149,11,0,1.81682243,1
688,103,1,1,12,1,14,526,22800,7500,1,1,42,79,12,0,3.04,1
165,95,1,0,0,6,18,75,630,663,0,0,65,39,15,0,0.950226244,0
96,135,0,0,0,10,17,45,563,616,1,0,51,8,8,0,0.913961039,0
7,58,1,0,3,54,19,3,417,544,0,0,6,34,8,0,0.766544118,0
329,44,1,0,4,2,16,62,3105,1139,1,1,160,148,10,0,2.726075505,1
31,52,0,1,1,22.5,15,3,615,587,0,0,41,17,7,0,1.04770017,0
68,52.5,1,0,1,10,16,39,245,287,0,0,28,35,14,0,0.853658537,0
458,37,2,0,20,0,9,142,4003,1364,0,1,0,112,11,0,2.934750733,1
258,18.5,0,0,3,2,18,51,3843,3354,1,1,27,131,21,0,1.145796064,1
862,64,2,2,2,1,4,109,25479,2665,1,1,465,149,9,0,9.560600375,1
0,0,0,0,0,3.5,16,0,345,3387,0,0,0,85,18,0,0.101860053,1
28,89.5,1.5,0,0,10,21,18,431,431,0,0,17,32,12,0,1,0
385,22,0,0,23,0,17,1,1347,518,0,0,1,81,7,0,2.6003861,1
1000,126,6,0,24,1,17,246,21624,4293,1,1,119,103,13,0,5.037037037,1
25,170,2,0,0,30,19,12,643,574,1,0,17,8,7,0,1.120209059,0
1000,152.5,9,0,1,1,8,769,11076,4416,1,1,273,116,10,0,2.508152174,1
38,111.5,2,0,30,0,13.5,0,2649,5571,0,1,3,132,15,0,0.475498115,1
92,42,0,0,0,2,15.5,1,430,685,0,0,13,0,7,2,0.627737226,0
186,176,8,0,0.5,6,12,55,14785,6250,0,1,95,39,11,0,2.3656,1
163,291,0,0,22,3,12,56,2660,5241,1,1,21,114,22,0,0.50753673,1
369,57,2,0,26,2,15,105,5026,3488,1,1,82,130,11,0,1.440940367,1
91,231,2,0,0,10,18,45,2060,1020,1,0,160,0,11,0,2.019607843,0
178,103,1,7,0,7,17,40,19830,7263,1,0,21,61,10,0,2.730276745,1
61,117,1,8,0,4.5,15,21,473,391,1,0,48,39,13,0,1.20971867,0
47,424,5,0,0,2,4,24,3972,4595,0,0,0,31,13,0,0.864417845,1
228,35.5,1,0,0,3,17,61,483,583,1,0,87,23,7,0,0.828473413,0
30,76.5,2,0,27,5,15,1,908,5155,0,0,14,22,9,0,0.17613967,0
46,101,1,0,7.5,1,19,38,2871,2469,0,0,4,144,7,0,1.162818955,1
7,706,52,0,0,2,11,0,6756,4524,1,1,2,141,12,2,1.4933687,1
8,68,1,3,0,119,16,2,623,437,1,0,4,0,6,0,1.425629291,0
299,37,1,0,28,1,15,30,654,1144,1,1,4,148,13,0,0.571678322,1
748,8,0,0,1,1,14,165,5553,7059,1,1,70,31,12,0,0.786655334,1
815,33,0,3,3,2,15,115,1511,1238,1,0,179,150,11,0,1.220516963,0
63,246,5,0,29,0,11,2,598,817,1,1,1,150,9,0,0.731946144,1
25,115,1,0,0,16,17,15,410,365,1,0,3,41,14,0,1.123287671,0
26,20,0,0,2,5,16,5,205,308,0,0,1,0,10,0,0.665584416,0
52,137,3,0,0,12,10.5,42,701,826,0,1,11,87,10,0,0.848668281,0
489,27,0,0,6,0,14,0,2728,6772,1,1,12,136,19,3,0.402835204,1
295,50,2,0,6,2,10,72,3772,1083,1,1,330,128,15,0,3.482917821,1
6,203,4,0,0,8,15.5,0,4096,3345,0,0,4,4,9,0,1.2245142,1
97,111,4,0,20,1,17,0,10246,4380,1,1,1,135,13,0,2.339269406,1
481,18,0,0,0,1,17,148,502,858,0,0,96,1,11,0,0.585081585,0
47,77,1,0,3,17,17,14,314,383,0,0,31,82,10,0,0.819843342,0
48,70.5,2,0,0,11,17.5,29,398,495,1,0,10,72,11,0,0.804040404,0
138,25,1,0,5,6,14,126,259,110,1,1,3,0,8,0,2.354545455,0
31,41,0,0,0,9,16,7,585,663,0,0,61,42,10,0,0.882352941,0
941,37,1,1,7,1,15,815,2098,1056,1,1,13,146,14,0,1.986742424,1
145,70,0,0,0,7,19,55,453,516,0,0,74,64,15,0,0.877906977,0
3,21,0,0,16,2,14,0,7625,738,1,0,0,144,13,0,10.33197832,1
59,53,0,0,1,16,18,29,539,663,0,0,50,0,11,0,0.812971342,0
1000,50,2,0,13,1,18,331,12684,2302,1,1,457,144,13,0,5.509991312,1
12,62.5,4,0,0,1,19,7,555,1576,1,0,0,150,10,0,0.35215736,1
79,566,13,0,10,2,11,64,19651,3067,1,1,798,81,16,0,6.407238344,1
0,0,0,0,0,3.5,16,0,208,296,0,0,14,0,7,1,0.702702703,0
126,64.5,0.5,0,0,5,13.5,1,493,385,0,0,29,74,15,0,1.280519481,0
0,0,0,0,0,3.5,16,0,227,215,0,0,1,4,12,2,1.055813953,0
24,82.5,2,0,0,1,13.5,0,519,574,1,0,3,26,9,0,0.904181185,1
48,28,1,0,1,17,17,10,209,401,1,0,38,11,10,0,0.521197007,0
68,473.5,4,0,0,2,17.5,15,11204,5258,1,0,11,87,14,0,2.130848231,1
111,46,0,0,2,4.5,16,33,599,788,1,0,69,50,15,0,0.760152284,0
0,0,0,0,0,3.5,16,0,404,3396,0,0,0,91,25,0,0.118963486,1
38,49,0.5,0,28,1,12.5,0,1382,5606,1,1,12,122,10,0,0.246521584,1
32,33.5,0,1,2.5,12,10.5,6,352,371,0,0,10,116,9,0,0.948787062,0
129,137,2,0,1,9,15,47,1320,1297,1,0,71,138,14,0,1.017733231,0
216,51,2,0,4,3,8,67,4335,1334,0,0,23,105,14,0,3.249625187,1
36,203,9.5,7,0,8,11,10,1496,1043,1,0,13,47,8,0,1.434324065,1
672,149952.5,0,454,0,1,16,9,6255036,654,0,0,665233,0,13,1,9564.275229,0
216,216,7,0,0,5,7,151,5605,750,1,0,117,54,8,0,7.473333333,1
74,62,0,0,3,13,17,37,278,295,1,0,80,116,15,0,0.942372881,0
10,696,2,0,6,0,17,0,1117,2,0,1,20,119,12,0,558.5,1
230,214,4,0,0,3,11,126,9997,1219,1,0,196,85,11,0,8.200984413,1
114,135,2,0,0,7,22,5,625,106,0,1,39,35,9,0,5.896226415,0
4,74,1.5,0,0,4,21.5,1,304,799,0,0,0,61,12,0,0.380475594,1
12,185,2.5,0,0,49,20,0,411,501,1,0,24,0,11,0,0.820359281,0
486,32,1,0,17,1,16,140,2713,2687,1,1,41,48,18,2,1.009676219,1
23,52,3,0,0,42,15,2,242,246,0,0,54,0,15,0,0.983739837,0
158,2,0,0,0,0,14,0,83,502,1,0,0,108,11,0,0.165338645,1
31,817,17,0,0,42,7,2,2649,1317,1,0,11,101,14,0,2.011389522,1
53,415,19,0,0,7,4,19,3247,555,1,0,51,89,13,0,5.85045045,1
423,54,2,0,9,1,7,389,9213,7242,1,1,231,123,9,0,1.272162386,1
113,54,1,0,0,6,15,95,414,619,1,0,46,7,12,0,0.668820679,0
19,470,15,0,29,2,16,19,2150,3473,1,0,1,146,7,0,0.61906133,1
18,98,2.5,0,7,2,17,14,1903,5966,1,1,7,148,9,0,0.318974187,1
7,77,1,0,0,20,21,1,286,362,0,0,5,0,9,0,0.790055249,0
191,24,0,9,2,5,16,94,806,983,1,0,23,58,11,1,0.819938962,0
104,72,2,0,29,2,14,66,1825,1297,0,1,29,35,19,0,1.407093292,1
42,63.5,0,0,0,12,16,8,401,350,0,0,1,14,11,0,1.145714286,0
51,19,0,0,0,0,14,0,562,1556,0,0,5,0,10,4,0.361182519,1
26,1063.5,5.5,0,20.5,4,19,0,857,2271,0,0,4,132,17,0,0.377366799,1
13,58,1,0,0,55.5,18,13,172,261,1,0,7,80,8,0,0.659003831,0
111,37,1,0,3,3.5,14,52,609,599,0,0,139,16,5,0,1.016694491,0
51,154,4,0,23,0,4,41,2918,2073,0,0,14,123,18,0,1.407621804,1
66,114,1,0,0,16,19,42,475,470,1,0,46,0,11,0,1.010638298,0
1000,109,1,0,1,1,6,508,7953,3656,1,0,174,149,14,4,2.175328228,1
0,0,0,0,0,3.5,16,0,288,304,0,0,0,18,12,0,0.947368421,0
12,149,5,0,0,5,17.5,8,1369,498,1,1,7,30,10,0,2.748995984,1
49,259,8,0,13,1,13,45,1643,473,0,0,2,86,21,0,3.473572939,1
79,6,0,0,0,6,17,26,142,172,0,1,36,0,6,0,0.825581395,0
88,222,7,0,0,1,12,22,7639,3306,0,1,21,99,8,0,2.310647308,1
8,91,0,0,0,32,20,6,335,353,0,0,32,28,9,0,0.949008499,0
27,48,4,0,24,7,8,21,385,1558,0,0,8,90,14,0,0.247111682,0
116,84,3,0,0,8,21,45,311,311,0,0,13,0,10,0,1,0
153,91,1,0,1,4,17,65,475,621,1,0,69,29,11,0,0.76489533,0
15,665,13,0,0,3.5,16,0,4598,2434,1,0,116,81,11,0,1.889071487,1
19,45,1,0,0,35,18,9,324,337,0,0,68,0,10,0,0.961424332,0
30,69.5,1,0,0,33,13,28,475,496,1,1,41,0,7,0,0.95766129,0
46,108.5,7,0,30,0,16,31,9266,2124,0,1,5,13,9,0,4.36252354,1
24,62.5,0,0,0,9,11.5,9,557,572,1,0,42,27,11,0,0.973776224,0
63,97,0,0,3,6.5,17,37,612,674,1,0,7,20,11,0,0.908011869,0
1,377,22,0,0,3.5,17,0,860,1174,0,1,4,48,10,0,0.73253833,1
4,119.5,1,0,0.5,100,20,3,380,365,1,0,11,43,11,0,1.04109589,0
58,69.5,4,0,0,21,18,23,483,474,0,0,72,0,9,0,1.018987342,0
1,11,0,0,0,3.5,22,0,37,9,0,0,0,0,15,0,4.111111111,0
170,447,3,0,2,1,15,49,1685,1653,1,1,433,37,20,0,1.019358742,1
1000,498.5,5,0,2,1,15,586,26200,4121,1,1,0,119,13,0,6.357680175,1
89,70,2,0,0,11,16,19,549,601,0,0,45,34,9,0,0.913477537,0
24,202.5,3,1,0,37,20,12,710,567,0,0,2,33,16,0,1.252204586,0
186,58,3,0,10,2,9,84,1174,586,0,1,7,148,7,4,2.003412969,1
54,177,3.5,0,13,3,9,49,3244,3975,0,1,63,0,16,0,0.816100629,1
72,120.5,2,0,0,3,18,15,1914,2391,1,1,71,94,18,0,0.800501882,1
265,224,2,0,5,1,5,71,1630,1962,1,1,213,77,20,0,0.830784913,1
22,27,0,0,0,28,18,2,230,276,0,0,0,75,11,0,0.833333333,0
11,24,0,0,0,14.5,17,1,100,110,0,0,7,0,9,0,0.909090909,0
56,48,2,0,0,7,19,14,388,453,0,0,57,0,10,0,0.856512141,0
1000,202.5,8,0,0,1,7,124,7145,2734,1,0,162,103,10,2,2.613386979,1
113,401,5,0,9,1,19,26,7157,1906,1,0,6,150,6,0,3.75498426,1
137,22,1,0,1,10,17,45,399,398,0,0,96,0,6,0,1.002512563,0
133,110,1,0,0,7,18,20,471,500,0,0,44,25,10,0,0.942,0
1000,208.5,0,0,0,1,16,594,26713,2176,1,0,15,0,15,0,12.27619485,1
684,91,2,1,7,0,16,14,8637,7033,1,1,39,137,10,0,1.228067681,1
7,60,3,0,1,62.5,19,1,245,280,0,0,5,0,9,0,0.875,0
23,123,2,0,0,11,17,16,356,458,1,0,13,1,7,0,0.777292576,0
180,945,39,0,1,4,8,50,69678,3400,1,1,0,93,11,0,20.49352941,1
15,27,2,0,0,0,16,0,389,854,0,0,1,92,9,0,0.455503513,1
305,144,1,0,20,2,12,0,2157,2969,0,1,10,39,15,0,0.726507241,1
5,262,25,0,0,28,3,1,1510,237,1,0,1,21,10,1,6.371308017,1
44,103.5,2,0,0,5,19.5,15,280,396,1,0,39,0,10,0,0.707070707,0
300,123,5,0,9.5,1,17,97,222300,3642,1,1,362,99,10,0,61.03789127,1
14,179,8.5,0,28,9,16,4,2882,1040,1,0,4,77,9,0,2.771153846,1
222,336,5.5,0,0,3,13,54,5668,3295,0,0,72,66,14,0,1.720182094,1
22,38,1,0,0,34,1,3,255,252,1,0,11,0,8,0,1.011904762,0
1,267,2,0,0,3.5,22,1,1771,2381,0,0,71,25,6,2,0.743805124,1
67,128,1,0,0,21.5,19,37,390,432,0,0,57,7,12,0,0.902777778,0
149,58,1,0,10,1,13,37,5213,1157,1,1,56,120,18,0,4.505617978,1
35,42,0,0,0,7,17,4,305,343,0,0,3,48,13,0,0.889212828,0
58,3,0,0,0,4,19,2,220,282,0,0,13,0,14,4,0.780141844,0
17,52,0,0,0,24,20,2,223,300,1,0,24,14,13,0,0.743333333,0
265,788,3,1,29,1,15,230,5815,3225,1,1,97,106,19,0,1.803100775,1
721,24,1,0,5,0,16,8,2892,1183,1,1,20,105,15,0,2.444632291,1
7,114,1,0,0,12.5,20,4,466,458,1,0,3,25,10,4,1.017467249,0
49,78,0,0,0,11,18,15,414,496,1,0,25,107,9,0,0.834677419,0
112,50.5,1,0,1,7,19,0,535,463,0,0,57,0,7,0,1.155507559,0
420,102.5,4,0,4,1,6,127,10121,3085,0,1,82,95,10,0,3.280713128,1
29,82,2,0,17,1,14,26,1966,1061,1,1,0,123,30,0,1.852968897,1
5,15,0,0,0,1.5,1,0,144,1152,0,0,2,0,12,0,0.125,0
206,735.5,6,0,0,1,13,190,12416,2849,0,0,5,22,11,0,4.358020358,1
252,312,1,0,0,1,15,112,17734,5928,1,1,54,126,10,0,2.991565452,0
1000,217,6,0,0,1,6.5,39,26157,1109,0,1,79,86,16,0,23.58611362,1
11,20,0,0,0,2,21,10,115,102,1,0,1,24,6,0,1.12745098,0
813,102,0,1,16,0,10,0,8357,6084,1,1,267,0,19,0,1.373602893,1
10,25,1,0,0,38,6,5,1425,398,1,1,3,143,12,0,3.58040201,1
170,58,2,0,0,1,16,3,2662,3909,1,1,9,130,7,0,0.680992581,1
309,29,0,0,0,4,17,160,653,598,1,0,98,0,7,0,1.091973244,0
37,203,10,0,0,42,19,20,981,1151,0,0,92,66,14,0,0.852302346,0
65,22,0,0,3,9,5,50,283,345,0,0,30,0,8,0,0.820289855,0
39,9,0,0,0,9,15,0,196,553,0,0,0,149,11,0,0.35443038,1
72,40.5,0,0,1,8,16,15,685,500,1,1,31,137,14,0,1.37,0
26,64.5,1,0,13,1,22,0,1903,625,0,0,1,73,10,0,3.0448,1
9,59,0,0,16,1,2,0,1632,2795,1,0,1,68,13,0,0.583899821,1
43,28,0,0,32,2,15,37,606,1235,0,0,0,138,13,0,0.490688259,1
68,209,11,0,6,3,18.5,46,4352,977,0,1,22,86,12,0,4.454452405,1
2,78,6,0,0,255,21.5,0,324,354,0,0,14,0,8,0,0.915254237,0
75,429,7,0,22,1,13,27,13729,956,0,1,1,130,12,0,14.36087866,1
511,55,1,0,29,1,11,319,3676,2222,1,1,35,148,18,0,1.654365437,1
14,36.5,0.5,0,15,2,13,1,139,3,1,0,0,140,14,0,46.33333333,0
0,0,0,0,0,3.5,16,0,95,140,1,0,0,0,11,0,0.678571429,0
39,75,2,0,26,0,16,8,1972,138,0,1,1,20,10,0,14.28985507,1
9,9,1,0,0,3,18,5,72,79,0,0,0,0,20,0,0.911392405,0
790,80,2,0,20,2,20,353,8321,7495,1,1,418,146,13,0,1.110206805,1
83,37,0,0,0,6.5,16,44,369,403,1,0,16,0,9,0,0.915632754,0
17,184,5,0,29,1,18,0,1281,262,0,0,44,78,17,0,4.889312977,1
412,43,1,0,1,3,16,110,1064,1081,0,0,230,53,12,0,0.984273821,0
261,60,2,0,8,4,18,212,1566,1100,1,0,144,129,12,0,1.423636364,1
219,26,1,0,0,5,15,57,592,495,0,1,118,33,10,0,1.195959596,0
491,19,0,0,0,1,18,158,763,941,0,0,63,53,9,0,0.810839532,0
56,79.5,0,0,0,6,18,0,317,380,0,0,22,30,7,0,0.834210526,0
87,75,7,0,1,3,7,0,9569,1344,1,1,16,145,13,0,7.119791667,1
281,18,0,0,0,2,18,101,419,522,0,1,172,1,12,0,0.802681992,0
219,43,2,0,5,1,17,0,2412,2448,1,1,2,92,14,0,0.985294118,1
0,0,0,0,0,3.5,16,0,213,700,0,0,23,13,13,0,0.304285714,0
207,24,1,0,1,7,8,72,336,565,0,0,55,0,8,0,0.594690265,0
0,0,0,0,0,3.5,16,0,153,172,0,0,4,0,10,0,0.889534884,0
134,39.5,0,0,28,0,18,0,2455,4840,0,0,1,54,13,0,0.507231405,1
110,67,2,0,10,3,13,17,987,3438,1,0,6,141,8,0,0.287085515,1
45,54,0,2,0,23.5,17,4,248,299,0,0,326,18,12,0,0.829431438,0
810,69,3,0,2,1,15,429,1512,1424,1,1,408,28,11,0,1.061797753,0
51,121,2,3,0,24.5,20,8,496,567,1,0,33,14,12,0,0.874779541,0
28,157,0,13,0,12,14,4,430,439,1,0,6,10,14,0,0.979498861,0
151,61,2,0,3,5,17,116,810,777,0,0,68,78,12,0,1.042471042,0
501,57,1,0,5,1,9,26,11593,5270,0,0,50,138,18,0,2.199810247,1
16,40,0,0,0,10,18,9,724,646,1,1,0,0,15,2,1.120743034,1
75,211,4,0,3,3,15,43,3825,1220,0,0,5,26,9,0,3.135245902,1
191,87,1,0,0,6,16,118,880,535,0,0,70,0,13,0,1.644859813,0
49,393,25,0,14,10,9,3,5294,1131,1,0,12,28,14,0,4.680813439,1
15,12,0,0,0,46,18,3,120,140,0,0,1,21,7,0,0.857142857,0
1,33,0,0,0,3.5,23,0,121,128,0,0,0,0,14,0,0.9453125,0
122,36,1.5,1,30,0,15,118,576,552,0,1,0,150,11,0,1.043478261,1
135,24,0,0,1,4,18,45,174,100,0,0,0,19,8,0,1.74,0
17,14,0,0,1,2,17,11,179,169,0,0,4,0,9,0,1.059171598,0
29,105,2,0,0,25,19,9,779,624,1,0,38,2,13,0,1.248397436,0
97,112,1,0,0,10,19,50,745,995,0,0,62,25,10,0,0.748743719,0
46,26.5,0,0,0,8,16.5,7,330,556,1,0,26,44,14,2,0.59352518,0
18,182.5,0,16,0,48,18.5,10,669,612,1,0,2,37,11,0,1.093137255,0
46,333,15.5,0,0,3,8,46,2407,874,1,0,5,6,12,0,2.754004577,1
15,83,2,0,1,44.5,20,5,250,293,0,0,21,19,16,0,0.853242321,0
51,25,0,0,0,17.5,18,24,475,1047,0,0,84,0,7,0,0.453677173,0
14,388,15.5,0,19.5,4,21,14,4205,1247,1,1,70,55,13,0,3.372093023,1
93,80,3,0,30,1,3,2,956,1126,1,1,7,142,19,0,0.849023091,1
487,210,3,2,0,1,11,77,29994,6757,1,1,512,108,15,0,4.438952198,1
4,266.5,3.5,0,0,11,6.5,0,9605,7274,1,0,4,20,7,0,1.32045642,1
95,23,0,0,0,5,12,41,628,959,1,0,40,0,7,0,0.654848801,0
22,77,1,0,0,22,20.5,15,287,337,0,0,61,60,14,0,0.851632047,0
28,56.5,2,0,0,41,14.5,4,221,247,1,0,45,0,12,0,0.894736842,0
119,63,1,0,0,0,14,9,1306,5072,1,0,2,72,14,0,0.257492114,1
173,38,1,0,28,0,15,88,1002,6415,1,1,5,83,11,0,0.156196415,1
1000,70,1,1,17,0,16,915,14068,1988,1,1,114,143,15,0,7.076458753,1
539,36,0,0,0,0,17,1,10152,5890,1,1,7,52,13,2,1.723599321,1
152,108.5,2,0,20,0,12,152,2398,1413,0,0,219,95,17,0,1.697098372,1
99,1997,75,0,4,5,18,76,39737,3825,1,1,219,149,17,0,10.38875817,1
46,36,0,0,1,33,17,35,408,393,0,1,61,44,14,0,1.038167939,0
1000,16,0,0,8,1,6,458,1342,1177,1,1,206,94,11,0,1.140186916,1
16,56,4,0,0,48,21.5,9,213,207,1,0,31,36,9,0,1.028985507,0
479,83,1,0,14,2,17,277,4779,2353,1,1,146,81,11,0,2.031024224,1
43,24,0,1,0,4.5,18,19,121,134,1,0,2,14,13,0,0.902985075,0
33,61,4,0,0,3,7,0,12423,1763,0,0,2,55,13,0,7.046511628,1
31,12,0,0,1,1,6,0,171,321,0,0,0,150,11,0,0.53271028,1
404,261,2,0,25,1,15,25,1834,4639,1,1,285,147,24,0,0.395343824,1
650,59,3,0,18,1,9,377,5553,3887,1,1,58,136,7,0,1.428608181,1
201,44,0,0,28,0,15,17,4315,3595,1,1,5,141,12,0,1.200278164,1
35,62,2,0,0,24.5,17,20,262,353,1,0,17,0,11,0,0.742209632,0
327,33,1,0,7,2,13,215,2398,1468,1,0,165,150,8,1,1.633514986,1
280,85,1,0,0,2,14,156,5285,6927,1,1,66,114,15,0,0.762956547,1
24,38,0,0,1.5,31,15,13,200,263,0,0,3,49,9,0,0.760456274,0
765,513,11,0,25,1,9,337,32402,1315,1,1,282,146,10,0,24.64030418,1
179,17,0,0,4,3,18,24,530,903,1,0,7,41,14,0,0.586932447,0
51,44,2,0,19,1,10,11,799,915,1,1,3,108,15,0,0.873224044,1
4,15.5,0.5,0,3,1,20,1,44,29,0,0,10,0,15,0,1.517241379,0
106,43.5,0,0,0,1,19,47,719,250,0,0,3,0,15,2,2.876,0
741,16,1,0,0,1,16,307,27842,6491,0,1,19,138,7,0,4.289323679,1
79,39,1,0,0,10.5,11,15,560,626,0,0,40,0,11,0,0.89456869,0
111,220,2,52,0,2,15,109,4562,376,1,0,69,106,11,2,12.13297872,1
77,62,1,0,6,3,17,62,546,521,0,0,69,34,14,0,1.047984645,0
23,47,3,0,0,1,11,4,287,273,1,0,0,96,13,0,1.051282051,0
522,156,4,0,17,1,16,231,16681,3603,1,0,66,142,20,0,4.629752984,1
35,108,0,35,0,3,14,29,529,382,1,0,0,66,18,0,1.384816754,0
32,51.5,0,2,1,6,15,15,326,448,1,0,30,34,12,0,0.727678571,0
16,4.5,0,0,0,6,6.5,10,65,70,0,0,8,0,15,0,0.928571429,0
45,64,1,0,0,8.5,17,27,202,202,0,0,32,107,10,0,1,0
3,617,1,0,0,0,8,0,336,4885,1,0,0,102,16,0,0.068781986,1
4,78.5,0,0,0.5,1,18,1,65,38,1,0,0,100,11,0,1.710526316,1
40,66,1,0,0,32,15.5,18,554,510,1,0,37,16,14,0,1.08627451,0
499,30,1,0,4,1,7,143,5538,3397,1,1,209,116,11,0,1.630261996,1
60,61,1,0,2,3,19,55,353,446,1,0,29,3,8,0,0.791479821,0
22,589.5,3,0,7.5,1,6.5,0,2701,2014,1,0,9,25,13,0,1.341112214,1
8,36.5,0,0,0,0,16,2,434,809,0,0,0,149,28,0,0.536464771,1
4,64.5,3.5,0,0,131,21,4,204,260,0,0,40,0,11,0,0.784615385,0
52,148,2,1,0,13,19.5,22,611,614,0,0,22,22,8,0,0.995114007,0
54,41.5,1,0,0,12,16,15,305,337,0,0,57,1,13,0,0.90504451,0
11,55,1,0,2,112,12,1,242,241,0,0,34,4,11,0,1.004149378,0
125,179,11,0,0,3,11,15,3646,3181,1,0,8,119,11,0,1.146180446,1
59,80,2,0,0,1.5,19,31,256,277,0,0,24,0,9,0,0.924187726,0
500,1010.5,7,0,1,2,9,141,11404,6681,1,1,165,119,17,0,1.7069301,1
433,47,2,0,18,1,13,349,1572,2064,1,0,5,14,14,0,0.761627907,1
31,70,0,16,0,18,17,9,259,306,1,0,0,31,7,0,0.846405229,0
15,4,0,0,0,0,9,1,82,502,1,0,0,122,11,2,0.163346614,1
58,109.5,2,0,0,4,15.5,5,876,785,1,0,14,19,8,4,1.115923567,0
26,32.5,0,0,0.5,15,14.5,20,177,182,0,0,60,0,7,0,0.972527473,0
59,69,0,0,0,6,17,4,618,515,1,0,11,19,9,0,1.2,0
31,54,1,0,0,20.5,14,12,397,549,1,0,18,0,9,0,0.723132969,0
1000,78,2,0,8,1,7,568,9190,3480,0,1,37,128,15,3,2.640804598,1
36,58.5,1,0,0,18,11,18,606,726,1,0,39,0,9,0,0.834710744,0
603,35,1,0,27,0,16,3,3148,696,1,0,15,114,19,0,4.522988506,1
13,68,1,0,1,3,11,12,269,246,0,0,8,22,12,0,1.093495935,0
20,156.5,0,0,0,12,19,16,686,675,1,0,8,20,7,0,1.016296296,0
43,78,0,0,3,22,18,17,390,384,0,0,17,22,9,0,1.015625,0
252,85.5,3,0,18,2,9,242,5339,2998,0,1,80,148,28,0,1.780853903,1
68,73.5,2,0,0,14,18.5,35,618,706,0,0,143,0,12,0,0.875354108,0
433,15,2,0,0,2,17,42,201,298,1,0,14,9,10,0,0.674496644,0
54,56.5,5,0,15,1,17,49,1352,851,1,0,1,144,24,0,1.588719154,1
39,652,24,0,0,19.5,8,14,61147,932,1,0,6,140,13,0,65.6083691,1
269,563,8,0,1,2,16,7,22607,3780,0,0,88,146,11,0,5.980687831,1
31,38,1,0,1,13.5,19,21,383,824,0,0,42,6,7,0,0.464805825,0
26,118,1,0,0,21,21.5,21,402,436,0,0,28,25,12,0,0.922018349,0
16,146,1,0,0,18,16,7,555,686,0,0,11,37,12,0,0.809037901,0
100,76.5,1,0,0,6,17,39,415,741,1,0,2,0,12,0,0.560053981,0
10,143,2,0,3,11,8,1,1010,459,0,1,1,0,8,3,2.20043573,1
1,28,0,0,0,3.5,13,1,173,248,0,0,6,0,12,0,0.697580645,0
54,31.5,0,0,0,7,16.5,28,120,154,1,0,0,54,9,0,0.779220779,0
52,13,0,0,0,6,17,27,188,180,1,0,12,10,12,0,1.044444444,0
40,21.5,0,0,0,0,13,0,860,1702,0,0,3,131,12,0,0.505287897,1
24,56,0,0,0,15,16.5,11,367,436,0,0,13,0,6,2,0.841743119,0
93,119,5,0,0,0,14,0,9694,1824,0,0,0,0,18,1,5.314692982,1
59,16,0,0,1,9.5,19,38,429,408,0,0,15,0,16,0,1.051470588,0
149,163,2,0,9,1,19,37,7361,1430,0,0,1,83,7,0,5.147552448,1
21,125,6,0,0,16,12,8,457,707,0,0,20,10,13,0,0.646393211,0
4,366,2.5,0,0,0,8,0,872,1914,1,0,0,12,13,4,0.455590387,1
27,300,5,3,0,19,11,12,2130,948,1,1,152,20,8,0,2.246835443,1
162,101.5,1,0,2,5,17,138,804,690,0,0,100,0,11,0,1.165217391,0
90,129.5,14,0,7,0,14,0,2792,3322,1,0,2,76,14,0,0.840457556,1
28,22,0,0,1,33,15.5,7,256,310,0,0,5,106,10,0,0.825806452,0
16,65,3,0,0,14,18,5,307,396,0,0,15,22,12,0,0.775252525,0
430,1297,21,0,1,3,20,86,37123,3063,1,0,637,143,15,0,12.11981717,1
14,94.5,4,0,0,0,22,0,338,913,0,0,1,53,7,0,0.370208105,1
96,45,0.5,0,1,7,15,19,2915,485,1,0,9,66,16,0,6.010309278,1
58,38,1,0,28,1,15,4,1287,2716,1,1,1,134,23,0,0.473858616,1
278,63.5,3,0,0,3,17,92,366,611,1,0,42,0,6,0,0.599018003,0
113,39,0,0,0,7,17,15,714,1601,0,0,0,0,15,0,0.445971268,0
258,18.5,0,0,3,2,18,51,3849,3258,1,1,27,131,21,0,1.181399632,1
68,52.5,0,0,3,9,14.5,49,337,338,0,0,12,43,8,0,0.99704142,0
44,61,4,0,10.5,13,8.5,7,2538,2987,1,1,62,89,10,0,0.849681955,1
8,69,1.5,0,0,36,18,3,318,331,0,0,2,32,6,0,0.960725076,0
863,21,1,0,3,1,15,436,3028,912,1,0,77,99,11,0,3.320175439,1
9,17,0,0,11,1.5,10,4,85,0,0,1,1,77,18,0,,1
906,56,1,0,3,1,15,762,5383,5227,0,1,143,83,15,0,1.029845035,1
34,26.5,1,0,0,27,18,9,595,871,0,0,29,8,9,0,0.683122847,0
64,38,0,0,3,10,16.5,42,339,347,0,0,17,7,13,0,0.976945245,0
47,14,0,0,0,1,16,22,204,446,0,0,1,0,11,0,0.457399103,0
0,0,0,0,0,3.5,16,0,170,195,0,0,1,0,7,0,0.871794872,0
26,1434.5,8,5,0,2,19.5,18,5277,404,1,1,194,64,9,0,13.06188119,1
302,48,2,0,0,1,8.5,9,1498,1530,1,0,121,73,10,0,0.979084967,1
108,1742,7,0,12,3,6,38,32460,7470,1,1,57,140,16,0,4.345381526,1
25,11,0,0,7,15,17,1,186,272,0,0,12,18,11,0,0.683823529,0
1,20,1,0,1,3.5,15,0,108,100,0,0,6,0,15,0,1.08,0
3,239,11,0,22,4,20,3,2217,17,0,1,0,68,13,1,130.4117647,1
24,75,0,0,0,25,17.5,6,363,389,0,0,8,20,7,0,0.933161954,0
27,99,2,0,2,11.5,12,11,1172,580,1,1,26,143,9,0,2.020689655,1
36,25,1,0,0,2,6,2,342,806,1,0,5,58,11,6,0.424317618,1
33,48,0,0,0,28,17,15,272,251,0,0,15,0,14,0,1.083665339,0
155,118,2,0,13,1,14,134,2500,4632,1,1,253,144,16,0,0.539723661,1
468,52,1,0,10,1,12,35,7437,3297,1,1,157,150,8,0,2.255686988,1
2,294.5,26,0,6,0,20,0,774,2858,0,0,1,75,17,0,0.270818754,1
111,28,1,0,1,0,20,0,5974,1085,1,1,16,20,11,0,5.505990783,1
29,21,0,0,0,0.5,22,13,82,228,0,0,2,0,12,0,0.359649123,0
40,37,0.5,0,0,8,13,4,741,395,0,0,0,0,9,0,1.875949367,0
423,13,0,0,4,0,7,0,1337,6380,1,0,4,148,19,4,0.209561129,1
3,176,3,0,0,525.5,17,0,577,616,0,0,23,19,10,0,0.936688312,0
0,0,0,0,0,3.5,16,0,12,4,0,0,3,0,8,0,3,0
4,33,2.5,0,0,32,0,2,316,308,0,0,11,48,12,0,1.025974026,0
57,113,0,0,0,23,19,7,523,419,0,0,21,13,12,0,1.248210024,0
1000,103,5,0,0,1,11,940,19434,4650,1,1,67,148,6,2,4.179354839,1
219,635,5,0,0,1,8,85,6054,1461,0,1,22,144,13,0,4.143737166,1
47,100,2,0,0,16.5,18,12,427,418,1,0,6,0,11,0,1.0215311,0
87,54,5,0,1,1,3,33,580,2048,1,0,5,141,14,0,0.283203125,1
100,42,0.5,0,0,10,17,46,950,659,1,0,36,5,13,0,1.441578149,0
83,118,4,0,0,11,16,46,895,704,1,1,53,10,13,0,1.271306818,0
534,1255.5,41.5,0,24,2,21,440,29355,5224,0,1,1003,90,12,0,5.619257274,1
22,128,1.5,0,1,2,14.5,7,760,525,0,0,14,6,9,0,1.447619048,1
56,114.5,0,1,2,6,20,47,528,582,0,0,9,33,13,0,0.907216495,0
120,46.5,0,1,0,9,17,60,392,185,0,0,0,0,11,0,2.118918919,0
95,407,6,0,5,6,4,33,6318,749,1,1,24,133,7,0,8.435246996,1
15,142,2,0,0,26,19,6,462,745,1,0,2,10,10,0,0.620134228,0
25,109,2,0,3,21,14,23,350,400,1,0,12,4,12,0,0.875,0
1000,100,4,0,0,0,14,171,17068,2202,1,1,876,128,12,0,7.751135332,1
84,257,10,0,7,8,14,53,4271,221,1,0,121,79,11,0,19.32579186,1
344,12,0,0,0,0,13,0,1621,4466,0,1,4,94,14,2,0.362964622,1
9,80,0,1,0,17.5,14,3,347,349,0,0,13,0,7,0,0.994269341,0
34,145,4.5,0,3,7,6,24,4454,508,0,1,40,150,12,0,8.767716535,1
17,112,4,0,0,78,19,12,250,283,0,0,50,59,10,2,0.883392226,0
127,50,1,0,0,7,16,3,365,467,0,0,47,0,9,0,0.781584582,0
44,33.5,0,0,6,10,16,31,343,482,0,0,29,0,12,0,0.711618257,0
21,32,0,0,0,8.5,15,1,226,456,0,0,0,0,10,4,0.495614035,0
13,44,1,0,1,24.5,17,11,1186,300,1,0,8,10,10,0,3.953333333,0
36,176,2,0,0,29,19,16,507,529,0,0,36,57,12,0,0.958412098,0
68,9,0,0,0,11,18,15,301,398,0,0,11,0,7,0,0.756281407,0
79,40,0,0,2,14,18,42,414,452,1,0,25,59,10,0,0.915929204,0
672,1571,9,0,18,0,15,0,75557,7488,0,0,2978,98,14,0,10.09041132,1
36,5069.5,1,18,9.5,36,7,26,105237,1258,1,1,50,108,16,0,83.65421304,1
62,52.5,2,0,0,19,13.5,28,695,612,0,0,33,18,8,0,1.135620915,0
1000,666,2,0,2,1,16,630,40004,5237,1,1,196,149,13,0,7.638724461,1
112,134,2,0,12,2,15.5,88,2477,995,1,1,12,72,20,0,2.489447236,1
38,47,0,0,0,14,16,9,388,473,0,0,19,0,12,0,0.820295983,0
17,65,1,0,0,48,21,7,244,228,1,0,6,33,11,0,1.070175439,0
10,129.5,10,1,0,47,17.5,6,466,466,1,0,2,25,11,2,1,0
50,27,0,0,1,12,15.5,4,526,678,0,0,83,8,9,0,0.775811209,0
11,430,7,0,30,0,12,0,1804,577,0,0,6,97,9,0,3.126516464,1
271,117,2,0,21,1,7,1,3124,3710,0,1,3,109,13,0,0.842048518,1
52,147.5,2,0,0,20,11,33,599,734,0,0,5,48,12,0,0.816076294,0
62,27,1,0,7.5,1,17,23,798,942,1,1,0,139,17,0,0.847133758,1
3,69,0,1,1,55.5,22,3,134,152,1,0,2,12,11,0,0.881578947,0
15,26,0,0,0,91.5,19,7,201,198,0,0,31,10,9,0,1.015151515,0
378,28,0,0,0,0,15,0,1488,1676,1,1,0,120,9,0,0.887828162,1
419,66,3,1,19,2,6,274,6488,1127,1,0,104,130,16,0,5.756876664,1
360,32.5,1,1,12,1,14,291,2093,2307,1,1,76,150,13,0,0.907238838,1
63,33,1,0,0,0,13,16,1109,95,1,0,11,93,12,0,11.67368421,1
53,55,3,0,30,1,21,5,721,736,0,0,28,135,13,0,0.979619565,1
2,76,2,0,5,297,21.5,1,294,297,0,0,13,11,11,0,0.98989899,0
71,90,4,0,0,18,16,18,489,817,0,0,23,0,14,0,0.598531212,0
26,126.5,1,0,0,28,18,13,902,719,1,0,7,55,8,0,1.254520167,0
0,0,0,0,0,3.5,16,0,314,484,0,0,1,0,13,1,0.648760331,0
56,17.5,0,0,0,4,17,7,684,725,0,0,72,0,14,0,0.943448276,0
1,16,4,0,3,3.5,22,1,95,45,0,0,0,0,10,0,2.111111111,0
258,586,6,0,22,2,16,1,4485,2844,0,1,0,37,18,0,1.577004219,1
80,77,0,0,3,13,18,55,437,461,1,0,20,0,6,0,0.947939262,0
121,84,2,1,0,8,18,54,633,645,0,0,50,17,9,0,0.981395349,0
197,27,1,0,0,4.5,12,81,302,739,0,0,212,0,9,0,0.408660352,0
19,99,2,0,0,22.5,20,16,337,379,0,0,29,26,8,0,0.889182058,0
333,112,2,0,6,1,16,10,7187,2890,0,0,64,114,16,0,2.486851211,1
360,118,1,0,7,1,15,121,11981,4170,1,0,7,88,12,0,2.873141487,1
36,53,0,0,0,30,20,23,287,251,0,0,19,0,13,0,1.143426295,0
16,30.5,0,2,1,36,15,7,215,263,1,0,29,21,10,0,0.817490494,0
10,94,6.5,0,0,49,20.5,6,287,228,0,0,13,59,16,0,1.25877193,0
500,24,0,0,18,1,11,261,1277,1544,1,0,22,147,16,0,0.827072539,1
909,57,1,0,3,1,15,763,5380,5326,0,1,143,83,15,0,1.010138941,1
315,60,1,2,1,3,16,173,727,789,0,1,104,43,10,0,0.921419518,0
2,69.5,1,0,0,0,18,0,173,642,0,0,0,0,13,2,0.269470405,1
1,886,28,0,0,3.5,6,0,1011,1399,0,0,0,93,14,2,0.722659042,1
1,48,0,0,2,3.5,10,1,204,235,0,0,60,0,13,0,0.868085106,0
498,12.5,0,0,0,3,15,123,1473,5812,1,1,168,131,9,0,0.253441156,1
65,41,1,0,0,4.5,7,18,4415,6777,1,1,2,132,22,1,0.651468201,1
326,144.5,2,6,0,2,15,45,9633,1559,1,1,14,0,6,0,6.178960872,1
2,506,0,0,0,54,17,1,105,51,1,0,0,150,13,0,2.058823529,1
12,30,1,0,0,47,18,8,191,224,0,0,15,0,8,0,0.852678571,0
57,41,0,1,0,14,16,45,386,732,1,0,28,27,15,0,0.527322404,0
75,30,2,0,15,1,8,48,339,562,1,1,0,107,7,0,0.603202847,1
391,40,1,0,6,3,17,224,779,659,1,0,83,24,11,0,1.182094082,0
96,122,2,0,0,12,19,59,626,627,1,0,47,1,17,0,0.998405104,0
197,56,0,0,0,4,17,83,490,546,1,0,39,19,15,2,0.897435897,0
7,96,1,2,0,105.5,19,4,504,562,0,0,1,29,11,0,0.896797153,0
532,10,0,0,0,1,8,54,934,1121,1,0,31,6,9,0,0.833184657,1
16,4,0,0,0,0,9,1,85,496,1,0,0,122,11,2,0.171370968,1
1,73,4,0,5,3.5,15,1,250,301,0,0,19,10,7,0,0.830564784,0
31,60,1,0,1,28.5,20,22,349,368,0,0,15,33,13,0,0.948369565,0
74,126,3.5,0,0,10,16,40,571,482,1,0,23,33,7,0,1.184647303,0
99,30,0,0,10,4,17,2,275,367,0,0,22,0,14,0,0.749318801,0
132,525,5,0,19,5,13,132,15114,327,1,1,11,75,13,0,46.22018349,1
0,0,0,0,0,3.5,16,0,47,42,0,0,1,20,12,0,1.119047619,0
92,103.5,3,0,16,1,12,91,897,2347,0,1,4,104,21,0,0.38219003,1
22,550,9,0,6,2,16,0,3750,959,0,1,0,56,19,0,3.910323253,1
15,1,0,0,0,34,13,4,40,22,0,0,0,0,6,2,1.818181818,0
21,73,1,0,0,2.5,14,4,238,637,0,0,0,27,12,0,0.373626374,0
84,56,2,0,29,0,10.5,37,558,1688,1,1,1,147,18,2,0.33056872,1
157,67,0,0,0,3.5,17,66,414,373,1,0,34,25,12,0,1.109919571,0
16,107.5,2.5,0,12,3,16,16,553,602,1,0,0,139,8,2,0.918604651,1
9,247,4,0,8,11,17,2,10950,5933,0,0,11,29,9,0,1.845609304,1
96,31.5,2,0,2,13,17,38,388,1043,0,0,57,149,11,0,0.372003835,0
17,14,0,0,0,17.5,19,1,261,529,1,0,5,43,8,0,0.493383743,0
11,420,15,0,13,48,20,9,2199,1100,1,0,44,108,5,2,1.999090909,1
213,210,12,0,10,1,18,122,20831,3656,1,1,219,144,13,0,5.697757112,1
94,131.5,1.5,0,0,12,19,84,806,739,0,0,52,0,13,0,1.090663058,0
17,23,1,0,0,23.5,18,0,91,114,0,0,2,0,11,1,0.798245614,0
571,55,1,3,19,0,9,13,18339,2086,1,0,17,113,11,3,8.791466922,1
4,120.5,6,0,1,197,20,3,497,518,0,0,28,0,11,0,0.959459459,0
38,38,0,0,1,2,16.5,25,217,244,0,0,22,0,14,0,0.889344262,0
236,56.5,1,0,3,0,14,35,2286,1406,1,0,6,88,11,0,1.625889047,1
70,1251,23.5,0,0,8,5,29,14694,1839,1,1,50,50,13,0,7.990212072,1
147,235,3,0,28,1,6,83,4655,3465,1,1,25,150,13,1,1.343434343,1
828,56,1,1,9,0,13,252,19663,2619,1,1,325,144,7,0,7.507827415,1
473,143,5,0,1,2,1,0,20244,1,1,1,1920,140,19,0,20244,1
4,593.5,1,0,6,3,18,0,122,225,1,1,1,149,15,0,0.542222222,1
26,33,0,0,1,47,19,8,303,335,0,0,23,22,12,0,0.904477612,0
120,812.5,27.5,0,16,4,9,88,22409,2281,1,1,70,113,16,0,9.824199912,1
29,35,1,0,0,4,14,20,521,343,0,0,5,66,9,0,1.518950437,1
121,76,2,0,10,4,17,24,8427,1360,1,0,23,64,9,0,6.196323529,1
39,16,0,0,0,20.5,15,9,235,443,0,0,5,0,14,0,0.530474041,0
127,69,0,0,0,8.5,20,85,591,371,1,0,42,15,13,0,1.592991914,0
40,983.5,6,0,26.5,5,10,35,1420,1402,1,0,125,133,9,0,1.012838802,1
5,23,0,0,0,15,11,4,74,99,1,0,9,39,12,0,0.747474747,0
19,100,0,0,0,22.5,7,10,1125,1978,1,0,28,75,12,0,0.56875632,1
15,77,2,0,0,9.5,9,2,3280,5991,1,0,24,54,14,0,0.547487899,1
1000,15,0,0,15,0,13,144,5140,1005,0,1,4,103,11,1,5.114427861,1
39,57,2,0,2,7.5,10,21,367,523,0,0,7,76,11,0,0.701720841,0
142,45,0,0,0,1,21,2,2968,862,0,1,103,32,11,0,3.443155452,1
304,31,1,0,10,1,11,66,1680,485,1,0,30,100,17,0,3.463917526,1
7,38,0,0,0,177,18,2,181,188,0,0,10,0,11,0,0.962765957,0
22,63,0,0,1,27,14,10,300,301,1,0,24,32,11,0,0.996677741,0
29,17,0,0,0,20,17,0,186,298,0,0,2,0,11,0,0.624161074,0
340,21,1,0,2,1,19,120,676,1238,1,1,117,91,10,0,0.546042003,1
37,34,0,0,1,14,15,24,484,611,0,0,46,37,11,0,0.792144026,0
0,0,0,0,0,3.5,16,0,59,87,0,0,0,0,12,2,0.67816092,0
364,507.5,1,0,5,0,9,195,4312,2407,0,0,0,127,24,0,1.791441629,1
19,181,4,0,29,2.5,16,6,3457,1649,1,0,7,44,9,1,2.096422074,1
29,70,0,0,4,29.5,16,10,499,625,0,0,8,20,8,2,0.7984,0
472,786,38,0,5,1,17,452,9676,2948,1,1,1393,117,20,0,3.282225237,1
35,357,29,0,0,7,4,26,7208,1077,1,0,35,48,12,0,6.69266481,1
37,98,0,11,0,28.5,20,27,579,554,1,0,8,20,12,0,1.045126354,0
223,390,12,0,0,3,9,163,7189,1283,1,1,140,70,12,0,5.603273578,1
10,297,4,0,0,26,18,8,1220,704,0,0,17,134,14,0,1.732954545,1
29,65,0,0,0,41.5,21,23,417,1035,0,0,15,22,10,0,0.402898551,0
58,31.5,0,0,0,11,16,9,126,355,1,0,4,7,11,0,0.354929577,0
202,35,0,2,3,2,7,110,541,506,0,0,1,132,16,0,1.06916996,0
97,223,6,0,13,4,8,3,11075,4748,1,1,49,144,8,2,2.332561078,1
12,202,5.5,6,0,17,17,4,1414,488,1,0,135,114,10,2,2.897540984,1
24,53,0,1,0,51,15.5,1,343,372,0,0,5,0,10,0,0.922043011,0
28,574,17.5,0,23,4,12.5,26,5433,3187,0,1,8,127,8,0,1.704737998,1
65,114,2,0,0,16,20,18,387,455,0,0,10,0,12,0,0.850549451,0
16,82,0,0,1,28,18,8,230,272,0,0,9,22,10,0,0.845588235,0
76,38,0,0,0,8,18,28,514,405,0,0,11,73,13,0,1.269135802,0
0,0,0,0,0,3.5,16,0,269,267,0,0,11,0,9,4,1.007490637,0
35,14,2,0,1,20.5,10,10,250,359,1,0,20,6,8,0,0.69637883,0
62,46.5,0,0,28,0,5,0,6886,4467,0,0,5,44,13,0,1.541526752,1
559,86,2,0,19,1,14,525,5535,4220,1,0,24,43,10,0,1.311611374,1
237,65,2,0,30,2,19,208,13406,6842,1,1,8,92,13,0,1.959368606,1
90,64,2,0,0,14,17,29,265,270,1,0,30,2,11,0,0.981481481,0
232,41.5,0,0,0,6,16,44,396,447,0,0,118,0,10,0,0.88590604,0
39,178,2,0,0,25.5,19,6,659,649,0,0,43,14,10,0,1.01540832,0
21,115,5,0,0,16,4,1,1367,1693,0,0,4,0,9,0,0.80744241,1
61,191,0,43,0,10.5,20,11,972,611,1,1,9,23,12,0,1.590834697,0
18,168,5,0,22,2,8,17,2584,1353,0,0,1,77,16,0,1.909830007,1
0,0,0,0,0,3.5,16,0,39,750,0,1,0,0,11,0,0.052,1
75,43,0,0,0,5,11,13,338,429,1,0,4,84,17,0,0.787878788,0
560,310,4,0,21,1,15.5,80,15612,2428,1,1,665,142,14,0,6.429983526,1
61,173,4,0,0,16,21,39,573,570,0,0,65,6,11,0,1.005263158,0
77,48,1,0,24,2,16,44,1536,2703,1,1,45,150,13,0,0.568257492,1
263,13,0,0,3,0,13,0,1647,2278,0,1,0,58,20,4,0.723002634,1
67,47,0,0,0,13.5,18,57,497,429,0,0,74,0,13,0,1.158508159,0
22,9,0,0,0,0,17.5,0,71,53,0,0,0,71,17,0,1.339622642,0
52,76.5,1,0,0,11,18,10,445,365,0,0,62,23,8,0,1.219178082,0
31,208,1,0,1,29.5,20,20,973,805,1,1,110,64,14,0,1.208695652,0
175,146,2,0,0,6,16,56,1502,1175,0,0,263,35,13,0,1.278297872,0
28,13,0,0,1.5,15,15,18,133,233,0,0,31,98,15,0,0.570815451,0
236,63,0,0,0,2,15,124,585,649,1,0,39,41,15,4,0.901386749,0
46,57.5,0,0,0,16,12,3,1017,784,1,1,35,0,14,0,1.297193878,0
394,35,0,0,1,2,17,177,336,359,1,0,62,5,9,0,0.935933148,0
36,72,1,0,1,32,16.5,13,467,413,1,0,22,35,16,0,1.130750605,0
54,17,0,0,0,0,15.5,6,210,1674,0,0,0,128,13,1,0.125448029,1
283,302,5,0,14,3,19,233,5865,1643,0,0,80,65,12,0,3.569689592,1
195,26,1,0,0,4,13,135,488,825,0,0,0,139,11,0,0.591515152,0
563,21,1,0,2,2,7,216,1092,1415,1,1,56,145,13,0,0.771731449,1
0,0,0,0,0,3.5,16,0,617,1739,0,1,2,78,18,0,0.35480161,1
52,43,0,0,0,3,15.5,0,327,328,1,0,9,50,6,2,0.99695122,0
769,201,1,0,1,1,17,499,3203,470,1,0,283,63,5,0,6.814893617,0
9,95,2,0,0,29.5,16,4,277,319,0,0,30,13,13,0,0.868338558,0
112,132.5,2,0,0,3,7,0,4454,4047,0,0,9,19,12,0,1.100568322,1
75,112,5,0,7,2,18,8,3906,1570,0,1,9,139,19,0,2.487898089,1
89,214,0,0,0,6.5,20,27,829,973,1,0,43,31,14,0,0.852004111,0
335,210,4,1,22,1,10,227,17440,1469,1,1,760,87,16,0,11.87202178,1
13,43,2,0,0,35,19,7,182,214,1,0,3,69,12,0,0.85046729,0
91,31,2,0,2,13,14,32,467,507,0,0,76,0,11,0,0.921104536,0
10,25,0.5,0,18,1,18,3,4222,694,0,0,6,78,13,0,6.083573487,1
75,105,2,0,0,7.5,20,56,872,695,1,0,83,37,11,0,1.254676259,0
34,33.5,1,0,0,28,16.5,1,193,185,1,0,6,17,12,0,1.043243243,0
4,110.5,4.5,0,0,15,1.5,0,264,172,0,0,5,8,12,2,1.534883721,1
34,158,7,0,26.5,8,20.5,18,2978,4607,1,1,8,127,12,0,0.646407641,1
107,99,3,0,2,1,15,97,3184,4438,0,0,20,52,5,1,0.717440288,1
266,21,0,0,1.5,2,16,8,605,721,0,0,34,98,7,0,0.839112344,0
119,19,0,0,1,4,16,7,308,498,1,0,50,0,12,0,0.618473896,0
11,38,0,0,0,0,19,0,674,7487,0,1,0,0,9,2,0.090022706,1
12,88.5,3.5,0,3,80,20.5,1,297,319,0,0,45,22,7,0,0.931034483,0
3,57,1,0,0,96,8,0,184,231,0,0,3,0,8,2,0.796536797,0
32,50.5,1,0,2,12,15.5,25,221,237,0,0,26,42,13,1,0.932489451,0
60,168,5,0,0,1,14,0,73529,2661,1,0,55,109,15,0,27.6320932,1
369,47,1,0,0,3,16,202,347,365,1,0,130,0,15,0,0.950684932,0
567,25,0,0,0,2,15,138,399,409,0,0,59,70,7,0,0.975550122,0
96,20,0,0,15.5,0,13.5,76,234,28,1,1,0,132,19,0,8.357142857,1
63,84,1,0,0,8.5,20,17,345,521,1,0,11,9,7,0,0.6621881,0
645,18,0,0,6,1,15,187,9696,327,1,1,102,73,19,0,29.65137615,1
35,192,0,0,0,21.5,20,28,738,570,0,0,46,13,14,0,1.294736842,0
1000,170,2,0,25,1,10,693,12130,5974,0,1,729,22,11,0,2.03046535,1
116,129,3,0,1,7,17,88,968,1124,1,0,119,117,12,0,0.861209964,0
423,105,3,0,29,1,15,365,3808,3102,1,0,180,119,27,0,1.2275951,1
22,682.5,15.5,0,0,0,7,1,5195,597,0,1,6,0,12,0,8.701842546,1
106,22,0,0,3,0,5,9,4452,3937,0,1,1,47,13,0,1.130810262,1
7,29,1,0,0,31.5,2,2,196,191,0,0,20,0,11,0,1.02617801,0
1,50,4,0,0,3.5,20,0,150,186,0,0,2,84,11,0,0.806451613,0
138,105.5,2,0,0,8,17,18,895,680,0,1,81,36,8,0,1.316176471,0
16,174,1.5,1,0,29,19.5,7,853,838,0,0,8,4,13,0,1.017899761,0
61,14,0,0,1,1,16,2,376,639,0,0,12,19,7,0,0.588419405,0
49,76,4,0,8,2,6,38,1380,1282,0,0,278,149,10,0,1.076443058,1
11,27,1,0,1,15.5,14,0,209,556,0,0,23,0,8,0,0.375899281,0
266,21,0,0,1.5,2,16,8,605,721,0,0,34,98,7,0,0.839112344,0
11,231,5,0,0,5.5,11,0,1085,667,1,0,4,2,9,0,1.626686657,1
91,98,13,0,1,8,19,6,263,448,0,0,74,42,14,0,0.587053571,0
12,1020,18,0,5,4,15.5,12,9118,2140,1,1,77,136,9,0,4.260747664,1
84,461.5,4,0,22,1,16,47,19207,2302,0,1,21,118,12,0,8.343614248,1
42,122.5,1.5,0,0,27,21,9,346,326,0,0,7,14,11,0,1.061349693,0
24,27,0,0,0,15,14.5,3,282,303,0,0,23,0,7,0,0.930693069,0
12,469,7,0,30,0,21,0,4096,669,0,0,5,137,20,0,6.122571001,1
263,37,2,0,1,4,6,172,9528,1079,1,0,148,115,13,0,8.830398517,1
143,57,2,0,4,6,9,16,3246,4323,0,0,6,81,17,0,0.750867453,1
1000,0,0,0,30,0,12,0,24871,958,0,1,5,42,16,0,25.96137787,1
31,197,2,0,0,36,17,22,695,632,0,0,53,49,12,0,1.099683544,0
111,86,1,0,19,1,13,3,3855,6891,0,1,2,116,13,0,0.559425337,1
163,6,0,0,0,2.5,15,29,316,709,0,0,38,0,12,0,0.445698166,0
14,110.5,1,0,0,74,18.5,1,283,373,1,0,34,8,14,2,0.758713137,0
54,74,2,0,0.5,18,18,20,419,413,0,0,14,32,9,0,1.014527845,0
7,750,13,0,0,2,14,0,272,329,1,0,0,11,7,0,0.82674772,1
3,24,0,0,0,68.5,15,0,141,146,0,0,0,5,10,0,0.965753425,0
0,0,0,0,0,3.5,16,0,222,248,0,0,1,0,10,0,0.89516129,0
648,17,1,1,4,1,11,443,668,656,0,0,26,40,11,0,1.018292683,1
203,126,1,0,26,3,19,172,1002,1231,1,0,153,0,14,0,0.81397238,0
3,66,10,0,0,171.5,12,0,258,391,0,0,40,0,7,0,0.659846547,0
69,37,1,0,3,5,4,15,419,822,0,0,24,54,13,0,0.50973236,0
735,15,0,65,6,1,11,6,4583,826,1,1,95,120,6,2,5.54842615,1
47,6,0,0,2,9.5,16,28,138,133,1,0,12,31,10,0,1.037593985,0
645,42,0,1,1,1,16,271,895,526,1,1,48,122,14,0,1.701520913,1
1,86,1,0,5,3.5,7,1,156,451,0,0,0,0,10,0,0.345898004,1
50,426.5,5,0,6.5,0,17,0,5116,5963,1,0,41,108,16,1,0.857957404,1
314,60,0,0,0,4,18,163,523,538,1,1,58,0,12,0,0.972118959,0
32,14.5,1,0,0,12,7.5,0,134,310,0,0,6,0,6,0,0.432258065,0
48,18.5,0,0,1.5,24,15,19,279,573,1,0,109,0,11,0,0.486910995,0
41,44,1,0,11,1,11,39,465,4372,0,0,12,77,12,0,0.106358646,1
145,18,0,0,0,1,15,24,265,236,0,0,3,0,13,0,1.122881356,0
11,185,5,0,0,5.5,3,1,1322,561,1,0,32,9,7,0,2.356506239,1
22,49,0,0,0,42,14,6,416,463,0,0,13,26,10,0,0.898488121,0
14,9,0,0,0.5,50,4.5,0,437,661,0,0,67,0,9,0,0.661119516,0
176,221,9,0,16.5,5,16,112,7957,2801,1,1,57,138,10,0,2.840771153,1
112,11.5,0,0,4,6,15,23,721,1699,0,1,45,67,11,0,0.424367275,1
1000,59,1,0,3,1,16,190,4584,2357,1,1,436,76,8,0,1.944845142,1
239,54,1,0,10,2,16,127,1517,1289,0,1,27,135,26,0,1.176881303,1
11,21,0,0,0,27.5,16,0,235,436,0,0,2,0,11,2,0.538990826,0
44,15,0,0,2,0,19.5,0,3098,6059,1,0,0,125,12,2,0.511305496,1
61,62,5,0,2,1,9,22,2660,185,1,0,68,139,14,0,14.37837838,1
119,285,2,0,26,0,7,11,6425,1312,1,1,4,150,15,0,4.897103659,1
228,389,4,0,2,1,0,0,14767,5529,0,0,263,149,19,0,2.670826551,1
148,113.5,2,0,22,1,16,0,1549,1660,0,0,4,120,8,4,0.93313253,1
108,72.5,0.5,0,28,1,17,0,3326,1332,1,0,0,143,9,0,2.496996997,1
1,25,0,0,0,3.5,19,0,135,12,0,0,22,16,11,0,11.25,0
0,0,0,0,0,3.5,16,0,2181,1726,1,0,1,0,8,4,1.263615295,1
5,130,1,0,0,246,15,3,380,385,1,1,0,4,11,0,0.987012987,0
2,132,6,0,0.5,57,20.5,1,298,314,0,0,1,26,14,0,0.949044586,0
0,0,0,0,0,3.5,16,0,7,4,0,0,0,0,13,2,1.75,0
1000,106,2,0,30,0,16,0,21455,6800,1,1,37,144,17,0,3.155147059,1
49,24,0,0,0,12,18,23,752,285,0,0,3,0,5,0,2.638596491,0
5,50,2,0,0,1,12,5,69,155,1,0,0,141,17,0,0.44516129,1
403,20,0,0,1,2,16,184,209,305,0,0,35,9,10,0,0.685245902,0
164,55,1,0,1,5,16,90,440,606,0,0,47,1,9,0,0.726072607,0
110,18,0,0,2,10,16,54,336,335,1,0,32,41,7,0,1.002985075,0
2,1178.5,39.5,0,0,92,8,0,691,496,0,0,1,29,27,3,1.393145161,1
26,69,2,0,30,0,17.5,0,473,4900,0,1,0,36,28,0,0.096530612,1
535,48,2,0,18,1,15,85,947,800,1,1,225,147,7,0,1.18375,1
12,34,0.5,0,0,0,4,0,14974,4948,1,1,0,78,22,0,3.026273242,1
150,194.5,2,0,25,1,16,148,3712,3541,0,0,13,22,8,0,1.048291443,1
0,0,0,0,0,3.5,16,0,619,1747,0,1,2,78,18,0,0.354321694,1
5,80,2,0,3,4,10,3,500,4303,0,0,1,0,12,0,0.116198001,1
82,79.5,0,0,0,5,20,18,442,599,0,0,10,6,10,0,0.737896494,0
24,55.5,0,0,1,11,15,15,192,220,0,0,7,0,15,0,0.872727273,0
34,44.5,2,0,1.5,21,15.5,22,322,368,0,0,52,21,15,0,0.875,0
186,74,0,0,2,4,12,47,993,836,0,1,92,89,10,0,1.187799043,0
51,223,19,0,0,1,17,0,6141,5725,1,1,69,148,16,0,1.072663755,1
16,48,0,0,0,26,19.5,13,160,163,0,0,5,18,14,0,0.981595092,0
403,52,2,0,17,1,15,396,4677,1423,1,1,22,149,17,0,3.286718201,1
99,23,0,0,0,5.5,16,31,298,400,0,0,19,0,14,2,0.745,0
0,0,0,0,0,3.5,16,0,468,515,0,0,9,26,12,0,0.908737864,0
65,402,17,0,0,5,15,49,4825,1918,1,1,94,94,9,0,2.515641293,1
27,56,2,0,3,1,16,3,526,998,0,0,1,11,15,0,0.527054108,1
82,98,0,0,0,14,17,34,817,628,0,0,20,6,7,0,1.300955414,0
0,0,0,0,0,3.5,16,0,153,172,0,0,4,0,10,0,0.889534884,0
477,58,1,0,1,2,14,373,6552,1094,0,1,69,137,8,0,5.989031079,1
1000,5,0,0,0,0,7,8,2113,5564,0,1,531,146,13,0,0.379762761,1
432,1095,30,0,27,1,12,421,54497,2729,0,1,150,111,14,0,19.96958593,1
256,207,5,0,28,1,9.5,191,9810,6780,1,0,128,150,15,0,1.446902655,1
524,29,0,0,3,1,6,291,4744,2326,1,1,24,141,11,0,2.03955288,1
41,62,1,0,0,12,18,22,381,342,0,0,14,23,7,0,1.114035088,0
82,79.5,0,0,0,5,20,18,442,599,0,0,10,6,10,0,0.737896494,0
883,170,4,1,13,1,15,330,10147,2546,1,1,44,85,9,0,3.9854674,1
43,4,0,0,0,20,16,3,51,46,0,0,0,0,8,0,1.108695652,0
102,56.5,2,0,19,4,3,19,4107,690,1,1,16,148,12,1,5.952173913,1
27,122,1,0,13,1,15,0,876,563,0,1,7,139,25,0,1.555950266,1
39,12,0,0,0,5.5,14,1,150,94,0,0,14,0,12,2,1.595744681,0
2,109.5,13.5,0,0,35,20.5,0,243,142,0,0,5,0,10,0,1.711267606,0
357,18,0,0,0,1,17,50,200,132,0,0,3,0,14,0,1.515151515,0
3,35,1,0,0,18.5,16,0,327,391,0,0,12,0,13,0,0.836317136,0
858,118,2,0,25,1,16,0,22830,2049,0,1,58,144,10,0,11.1420205,1
7,75,2,0,3,7.5,20,7,372,434,0,0,2,87,16,0,0.857142857,0
94,18,0,0,3,8,17,19,502,487,0,0,72,75,10,0,1.030800821,0
81,36,1,0,1,12,15,42,365,356,0,0,48,23,7,0,1.025280899,0
142,257.5,11,0,3,1,13.5,52,5575,5018,0,1,40,138,14,0,1.111000399,1
16,16.5,0,0,0,4,19,2,210,264,0,0,39,6,11,0,0.795454545,0
65,42,2,0,0,15,17,3,505,461,0,0,28,10,14,0,1.095444685,0
430,55,2,0,9,1,7,396,9403,7417,1,1,232,123,9,0,1.267763247,1
1000,210,0,0,0,1,16,595,26816,2952,1,0,16,0,15,0,9.08401084,1
125,17,0,0,0,3,14,33,182,188,0,1,13,53,8,0,0.968085106,0
76,36.5,1,0,1,15,19,14,437,587,0,0,90,0,11,0,0.744463373,0
302,22,0,0,2,3,17,83,418,396,1,0,3,16,12,0,1.055555556,0
1000,32,0,0,9,0,14,216,7864,5253,1,1,249,75,11,0,1.497049305,1
0,0,0,0,0,3.5,16,0,540,655,0,0,3,6,10,0,0.824427481,0
64,30.5,0,0,0,22,17,17,148,157,0,0,11,0,8,0,0.942675159,0
37,7,0,0,0,0,15,1,155,273,0,0,10,0,14,0,0.567765568,0
0,0,0,0,0,3.5,16,0,339,335,0,0,0,0,5,1,1.011940299,0
159,38,0,0,0,3,17,113,392,386,0,0,7,126,12,0,1.015544041,0
115,85,0,79,0,2,15,64,850,1285,1,0,27,107,12,0,0.661478599,1
45,17,0,0,0,24.5,16,7,179,198,0,0,22,24,15,0,0.904040404,0
1000,9,0,0,0,1,16,431,389,333,1,0,24,97,10,0,1.168168168,0
0,0,0,0,0,3.5,16,0,93,101,0,0,0,10,11,0,0.920792079,0
303,17,0,0,0,0,17,201,886,1105,1,0,15,92,10,2,0.801809955,1
5,34,0,0,2,307,18,0,154,199,0,0,5,0,7,0,0.773869347,0
245,4,0,0,1,0,20,23,1785,1911,1,1,38,133,19,0,0.934065934,1
3,60,2,0,1,645,14,0,138,227,0,0,11,0,12,0,0.607929515,0
294,33.5,1,0,2,3,17,102,372,335,0,0,6,0,6,0,1.110447761,0
190,58.5,3,0,10,2,9,88,1235,219,0,1,10,148,7,4,5.639269406,1
0,0,0,0,0,3.5,16,0,23,29,0,0,0,0,15,0,0.793103448,0
201,241,10,0,2,6,11,105,8410,1458,1,1,157,117,18,0,5.768175583,1
86,11,0,0,0,5,12,4,88,181,1,0,0,0,17,0,0.486187845,0
35,319,62,0,18,1,13,31,6968,4756,1,0,89,126,18,0,1.46509672,1
1000,36,2,0,4,1,8,487,14989,7218,1,1,197,124,14,0,2.076614021,1
164,119,6,0,24,2,17,119,1615,1133,1,0,14,53,6,0,1.425419241,1
56,81,1,0,0,13,16.5,48,261,169,1,0,0,16,8,0,1.544378698,0
47,78,0,45,0,3,18,40,175,176,0,0,2,12,12,2,0.994318182,0
31,58,0,0,0,7,20,13,338,304,0,0,2,8,10,0,1.111842105,0
112,126.5,3,0,0,9,19,39,714,597,1,0,50,3,13,0,1.195979899,0
0,0,0,0,0,3.5,16,0,64,1329,0,0,0,77,19,2,0.048156509,1
4,27.5,0,0,0.5,102,15,2,243,257,0,0,30,22,9,0,0.945525292,0
140,21,1,0,0,0,6,5,353,453,1,1,45,61,11,0,0.779249448,1
0,0,0,0,0,3.5,16,0,78,91,0,0,1,6,7,0,0.857142857,0
532,10,0,0,0,1,8,54,925,1110,1,0,31,6,9,0,0.833333333,1
9,621,2,0,6,0,17,0,1104,24,0,1,18,119,12,0,46,1
130,300,4,1,0,3,15,98,16159,2735,1,1,26,29,11,0,5.908226691,1
477,33,3,0,1,3,7,145,4277,1734,1,1,314,150,7,0,2.466551326,1
9,45,2,0,9,1,3,3,345,949,1,1,0,130,9,0,0.363540569,1
261,47,2,0,24,1,15,20,1647,3701,1,1,19,92,22,0,0.445014861,1
10,81.5,4,0,0,117,18,5,277,298,0,0,2,0,13,0,0.929530201,0
124,309.5,9,0,0,2,4.5,30,10281,0,1,0,205,100,17,0,,1
33,231,6,0,30,0,3,1,2900,1100,1,0,1,143,12,0,2.636363636,1
13,177,2,0,0,64,21,11,489,468,0,0,29,84,6,0,1.044871795,0
27,243,6,0,0,7.5,12,11,1131,885,1,0,50,0,13,0,1.277966102,0
26,31.5,0,0,3,8,16,15,201,372,0,0,10,27,14,0,0.540322581,0
182,51.5,1,0,2,7,17,94,718,738,1,0,28,35,13,0,0.972899729,0
331,181,1,5,1,2,16,118,1705,1598,1,0,45,39,11,0,1.066958698,0
119,207,5,0,0,1,5,22,4692,347,1,1,55,142,15,0,13.52161383,1
10,578.5,9.5,3,0,43,14.5,0,83157,4198,1,1,9,106,8,0,19.80871844,1
22,29,0,0,0,9,3,1,979,623,0,1,4,130,10,0,1.571428571,1
40,196,25.5,0,4,3,6,0,4149,1838,1,0,17,144,13,0,2.25734494,1
2,265.5,7,0,0,0,18,0,1437,2541,0,0,1,79,14,1,0.565525384,1
17,228,11,0,30,3,6,3,2211,3778,0,0,5,150,14,0,0.585230281,1
13,64,1,0,3,65.5,17,7,536,559,1,0,38,0,7,0,0.958855098,0
312,109.5,2,0,28,1,19,2,7653,4705,1,1,243,141,20,0,1.626567481,1
31,68,1,0,1,33.5,16,11,461,444,0,0,19,18,12,0,1.038288288,0
15,90,1,0,1,19.5,19,2,268,438,1,0,34,2,10,0,0.611872146,0
315,811,7,0,24,2,7,131,19405,1532,0,0,166,69,19,0,12.66644909,1
7,40,0,0,0,37.5,17,0,327,326,0,0,14,0,9,0,1.003067485,0
16,17,0,2,0,19,17.5,6,100,100,0,0,0,1,13,0,1,0
1,120,4,0,0,3.5,17,0,247,243,0,0,0,29,10,0,1.016460905,0
695,166,4,0,25,0,15,598,39327,7459,1,1,1359,81,13,0,5.272422577,1
50,107,1,0,0,16,18,39,358,367,1,1,2,0,14,0,0.975476839,0
308,6,0,0,0,1,8,91,2037,641,1,1,15,131,7,3,3.177847114,1
531,18,0,0,5,1,15,0,309,483,0,0,4,87,24,0,0.639751553,1
53,441,5,0,0,1,5,0,3060,7466,0,0,1,150,16,0,0.409858023,1
21,313,2,0,28,3,19,0,2703,1882,0,0,72,50,20,0,1.436238045,1
67,174,6,0,1,2,17,67,7931,6669,1,0,27,36,10,2,1.189233768,1
11,114,0,0,0,28,20,10,520,808,0,0,0,71,12,2,0.643564356,0
87,65,3,0,2,9,20,5,256,243,0,0,21,44,11,0,1.053497942,0
54,958,9.5,0,7,3,15,52,6676,1340,1,0,104,77,14,0,4.982089552,1
274,51,0,0,0,4,17,127,290,407,1,0,122,0,8,0,0.712530713,0
28,79.5,1,1,0.5,21,13,4,464,514,0,0,11,0,7,0,0.902723735,0
32,48.5,1,0,0,22,20,8,316,602,1,1,1,6,12,0,0.524916944,0
17,11,1,0,0,6.5,12,0,189,277,0,0,0,0,12,0,0.682310469,0
19,67,4,0,27,1,19,18,241,15,0,0,2,59,10,0,16.06666667,1
40,22.5,1.5,0,0,29,12.5,12,310,325,0,0,45,0,11,0,0.953846154,0
40,62.5,1,0,0,7,17,2,289,1363,0,0,4,0,10,4,0.212032282,0
215,112,9,1,31,1,4,170,769,1167,1,1,4,121,14,0,0.658954584,1
26,34.5,0,0,3,17,16,12,289,200,0,0,15,51,11,0,1.445,0
1000,31,0,0,0,0,14,0,1815,510,0,0,50,5,12,0,3.558823529,1
277,207,7,1,0,1,19,276,5896,1880,1,0,39,85,11,0,3.136170213,1
25,107,0,0,2,21,15,13,500,631,0,0,50,0,11,0,0.792393027,0
458,11.5,0,0,2,1,16,0,1956,1914,1,1,7,145,18,2,1.021943574,1
12,38.5,0,0,4,41,19,8,203,215,0,0,1,0,13,0,0.944186047,0
1000,68,3,0,0,1,17,106,7296,3480,1,0,186,149,13,1,2.096551724,1
19,17,0,0,6,1,19,2,240,314,0,1,2,40,16,0,0.76433121,0
666,69,2,0,1,1,19,573,6621,3807,1,1,184,141,17,0,1.739164697,1
122,23,0,0,2.5,5,17,28,977,983,0,0,155,135,8,0,0.993896236,0
244,80.5,5,1,10,2,10,74,2653,2473,1,1,14,149,13,0,1.07278609,1
87,17,0,4,0,2,17,34,226,89,1,0,15,108,18,0,2.539325843,0
0,0,0,0,0,3.5,16,0,73,50,0,0,0,0,7,0,1.46,0
196,44,2,0,19,3,15,138,300,177,1,0,0,102,11,0,1.694915254,0
655,191,3,0,14,0,20,0,7718,308,0,0,24,43,11,0,25.05844156,1
33,119,3,0,26,1,20,29,532,345,1,0,1,135,8,0,1.542028986,1
30,151,6.5,5,0,9,20,1,661,844,1,0,26,51,13,0,0.783175355,1
349,33,0,0,0,2,16,10,502,744,0,0,15,0,16,3,0.674731183,0
21,125,6,0,0,16,12,8,457,707,0,0,20,10,13,0,0.646393211,0
168,30.5,0,0,3,4,16,57,355,953,0,0,50,33,8,0,0.37250787,0
40,143.5,2,0,0,12,19,37,1058,469,1,0,50,26,15,0,2.255863539,1
92,65.5,1,0,0,1,17,91,4758,1593,1,1,32,100,19,0,2.986817326,1
127,440,55,13,2,5,16,40,8641,5719,1,1,184,143,8,0,1.510928484,1
186,24,0,0,21,0,8,186,819,3168,1,1,8,92,15,0,0.258522727,1
820,29,2,0,0,1,8,4,944,1171,1,0,47,65,11,0,0.806148591,1
44,107.5,2,1,4,20,19.5,20,439,516,0,0,17,16,6,0,0.850775194,0
12,468.5,0,0,0,3,17.5,0,3518,6465,1,0,6,64,10,0,0.544160866,1
62,55,0,0,1,4,17,37,369,587,1,0,0,95,12,0,0.628620102,0
56,14.5,0,0,0,7,14.5,6,308,404,0,0,18,69,6,0,0.762376238,0
0,0,0,0,0,3.5,16,0,177,10,0,0,6,0,5,0,17.7,0
103,8,0,0,2,2,16,71,131,82,1,0,0,148,13,0,1.597560976,1
99,33,0,0,2,9,7,34,414,434,0,0,12,0,10,0,0.953917051,0
512,35,0,0,0,1,17,353,418,816,0,0,217,1,10,0,0.512254902,0
36,169,3,0,11,1,17.5,30,614,210,0,0,13,64,6,0,2.923809524,1
682,76.5,2,0,1,2,10,324,1282,1000,1,1,248,63,12,0,1.282,1
239,157,4,0,5,2,14,182,4446,5789,1,1,28,135,14,0,0.768008292,1
1000,24,1,0,4,1,7,705,6201,5673,1,1,214,148,14,0,1.093072448,1
61,970,19,0,4,3,2,35,12860,3770,1,0,26,68,11,0,3.411140584,1
732,498,44,0,0,1,11,726,19814,2545,1,1,289,112,12,0,7.78546169,1
31,246,2,0,0,0,10,3,3155,3552,0,1,4,0,6,1,0.888231982,1
915,36,0,0,1,1,7,521,11010,6559,1,1,79,118,15,0,1.678609544,1
21,25,1,0,0,11,17,6,248,216,0,0,31,15,10,0,1.148148148,0
78,14,0,0,1,14,13.5,21,301,462,0,0,47,0,17,0,0.651515152,0
