medHashtagNumbers,medUploadIntervals,followerCount,followingCount,biographyLength,isFake
0.0,18.0,273,404,0,0
0.0,6.0,1246,1245,28,1
0.0,5.0,273,217,40,0
0.0,3.0,546,509,134,0
0.0,3.0,2423,1374,144,1
0.0,1.0,4758,3395,149,1
8.0,6.0,15157,458,0,1
1.0,11.5,556,713,0,0
0.0,13.0,536,526,0,0
3.0,255.0,223,261,12,0
0.0,18.0,541,581,0,0
0.0,5.0,152,292,34,0
5.0,3.0,1145,683,116,1
3.0,14.0,2131,4278,116,1
0.0,85.0,199,316,0,0
11.0,3.0,3129,1721,96,1
17.0,2.0,15203,7101,22,1
20.0,2.0,2157,2982,39,1
3.0,6.0,57,157,28,0
24.0,2.0,1676,4720,72,1
0.0,5.0,404,389,69,0
0.0,1.0,784,6620,148,1
3.0,0.0,467,1394,0,1
30.0,0.0,3278,2714,0,1
8.5,0.0,667,4950,0,1
1.0,1.0,2698,2359,113,1
29.0,1.0,24453,3157,125,1
0.0,1.0,1796,688,41,1
1.0,9.0,441,619,39,0
1.5,63.0,420,452,17,0
2.0,2.0,579,789,119,0
0.0,0.0,884,1100,92,1
0.0,13.0,487,596,24,0
0.0,1.0,559,1007,7,0
30.0,2.0,7099,2259,94,1
0.0,229.0,341,352,0,0
0.0,0.0,2400,788,116,1
3.0,4.0,927,969,0,0
0.0,34.0,295,263,0,0
3.0,0.0,8962,1620,148,1
4.0,2.0,1014,7129,140,1
4.0,18.5,340,425,0,0
2.0,2.0,572,689,0,0
0.0,3.5,107,150,0,0
0.0,1.0,1273,567,86,1
0.0,4.0,460,673,0,0
28.0,2.0,6442,1496,67,1
0.0,3.5,362,423,0,0
0.0,4.0,5711,626,106,1
2.5,21.0,6634,6110,73,1
0.0,4.0,498,1192,13,0
1.0,10.0,405,407,23,0
2.0,4.0,344,421,0,0
1.0,18.0,322,424,150,0
25.0,1.0,22319,6499,23,1
0.0,5.0,722,700,0,0
1.0,1.0,721,561,0,0
2.0,1.0,9496,2412,33,1
1.0,2.0,220,1058,142,1
4.0,0.0,26019,5039,145,1
0.0,3.5,185,189,0,0
2.0,1.0,5757,653,100,1
1.0,9.5,466,417,0,0
0.0,1.0,326,374,6,0
2.0,10.0,319,391,0,0
1.0,0.0,736,1065,141,1
1.0,1.0,666,955,76,0
1.0,12.5,548,453,35,0
29.0,1.0,3383,1115,116,1
0.0,8.0,2000,1611,90,1
0.0,14.5,95,275,0,0
0.0,3.5,287,332,40,0
0.0,0.0,128,254,0,0
0.0,6.5,4015,4868,44,1
11.0,1.0,1563,2120,6,1
5.5,16.0,421,473,56,0
10.0,0.0,546,906,146,1
7.0,6.0,26744,1111,86,1
0.0,3.5,221,223,0,0
0.0,9.5,271,268,34,0
1.0,5.0,610,489,55,0
0.0,20.0,148,285,25,0
0.0,3.5,88,221,31,0
0.0,0.0,396,1567,0,1
0.0,12.0,57,106,0,0
0.0,10.5,366,555,30,0
3.5,6.0,446,474,0,0
0.0,14.0,1739,1600,86,1
4.0,1.0,513,568,15,0
0.0,1.0,13428,5996,149,1
0.0,3.5,107,112,0,0
8.0,2.0,546,618,139,0
0.0,0.0,1310,774,132,1
2.0,5.0,117,111,0,0
3.5,11.0,145,141,137,0
0.0,0.0,6462,5357,44,1
2.0,2.0,1190,1299,0,0
11.0,0.0,898,38,99,1
0.0,1.0,22630,808,114,1
1.0,109.5,585,897,13,0
0.0,2.0,967,1331,14,0
3.0,2.0,10009,2624,114,1
2.0,9.0,14285,1740,141,1
0.0,5.0,292,369,12,0
0.0,27.0,194,256,13,0
1.0,15.5,314,430,33,0
0.0,3.5,1420,358,27,1
0.0,6.0,664,830,33,0
28.0,1.0,4510,842,138,1
4.0,1.0,11604,7399,106,1
5.0,6.0,20443,811,52,1
0.0,9.0,226,279,0,0
18.0,1.0,10736,1826,150,1
29.0,5.0,2751,5985,150,1
0.0,0.0,397,245,107,1
28.0,1.0,9430,4584,138,1
0.0,3.5,74,92,12,0
1.0,1.0,989,898,26,0
26.0,1.0,9312,6663,9,1
0.0,127.0,175,298,0,0
0.0,3.0,831,896,0,0
0.0,11.0,371,370,19,0
1.0,46.5,361,415,0,0
0.0,1.0,12869,4454,141,1
0.0,9.0,622,546,16,0
1.0,1.0,1567,4441,112,1
13.0,1.0,12814,1888,144,1
2.0,1.0,6273,1508,130,1
27.0,1.0,9308,4629,127,1
0.5,89.0,441,549,0,0
0.0,6.5,464,598,81,0
28.0,3.0,12440,4971,106,1
6.0,8.0,3476,1756,123,1
13.0,1.0,1193,3419,148,1
0.0,4.0,264,1803,65,0
0.0,5.0,629,648,0,0
6.0,1.0,194,260,0,0
4.0,0.0,11687,3874,133,1
15.0,1.0,23013,1990,119,1
0.0,6.0,2402,2680,123,1
0.0,80.5,240,279,4,0
4.0,3.5,325,396,0,0
0.0,8.0,1827,660,50,1
0.0,15.0,682,636,0,0
0.0,22.0,504,469,0,0
17.0,0.0,9080,2708,148,1
6.0,1.0,4771,874,121,1
6.0,2.0,11812,6503,62,1
5.0,44.0,99,107,0,0
0.0,5.0,379,446,0,0
0.0,78.0,1546,677,13,1
23.0,0.0,23822,3035,60,1
0.0,3.0,7603,2179,92,1
23.0,1.0,891,2813,137,1
0.0,5.5,7301,3818,77,1
6.0,1.0,17305,3535,141,1
0.0,4.5,493,634,88,1
0.0,3.0,280,230,148,0
9.0,1.0,4347,1761,75,1
1.0,5.0,363,445,42,0
0.0,19.0,117,81,50,0
0.0,1583.0,163,155,0,0
0.0,2.0,806,1261,137,1
7.0,0.0,6061,2223,132,1
3.0,2.0,1771,1898,15,1
1.0,49.5,395,369,18,0
6.0,2.0,1940,1800,147,1
6.0,3.0,511,546,88,0
1.0,1.0,461,346,99,1
4.0,1.0,23744,7363,139,1
0.0,5.0,23571,1282,113,1
12.0,2.0,1612,7108,133,1
5.0,6.0,24,50,63,1
0.0,24.0,219,198,0,0
0.0,2.0,470,683,0,0
0.0,0.0,1390,404,119,1
29.0,1.0,2349,1641,48,1
28.0,1.0,656,1824,93,1
0.0,1.0,453,457,47,0
1.0,49.0,630,695,8,0
0.0,15.5,1772,963,127,1
2.0,5.0,353,348,27,0
0.0,11.0,267,238,14,0
0.0,10.0,442,446,21,0
0.0,38.0,38,39,0,0
0.0,5.0,602,724,0,0
5.0,26.0,375,388,10,0
0.0,1.0,5340,3198,139,1
1.0,9.0,546,589,0,0
0.0,8.0,448,408,0,0
30.0,0.0,5140,2891,127,1
0.0,0.0,1300,2927,143,1
2.0,5.0,2387,711,150,1
10.0,0.0,952,1028,104,1
1.0,7.0,319,307,18,0
9.0,1.0,7229,7365,105,1
10.5,34.0,1285,3782,98,1
2.0,4.0,441,359,75,0
14.0,1.0,4403,5002,26,1
0.0,8.0,311,311,0,0
27.0,1.0,17006,7220,148,1
7.0,2.0,6345,3282,118,1
0.0,7.0,486,587,11,0
9.0,7.5,1798,685,2,0
30.0,1.0,324,404,82,1
0.0,3.5,1074,2348,17,1
5.0,8.5,4135,3506,140,1
1.5,6.0,261,314,12,0
0.0,18.0,189,218,14,0
0.0,2.0,1798,974,132,1
0.0,284.5,522,350,24,0
5.0,0.0,1028,1174,150,1
0.0,366.0,89,85,0,0
0.0,3.5,454,4093,145,1
0.0,9.0,240,338,22,0
2.0,32.0,473,706,0,0
3.0,7.0,228,304,0,0
7.0,3.0,1208,550,149,0
0.0,1.0,194,105,41,0
0.0,2.0,226,266,0,0
9.0,1.0,10128,5201,113,1
29.0,1.0,5404,4874,145,1
2.0,4.5,1025,910,133,0
0.0,5.0,334,811,75,1
0.0,21.0,525,394,33,0
0.0,6.0,706,653,22,0
22.0,1.0,4033,962,47,1
6.0,0.0,1795,1293,137,1
0.0,29.0,855,1226,58,1
1.0,8.0,244,254,0,0
7.0,1.0,15773,7500,145,1
3.0,25.0,353,584,0,0
0.0,3.5,150,1395,68,1
15.0,6.0,3093,1087,74,1
0.0,2.0,601,630,0,0
0.0,0.0,3773,2698,57,1
7.0,0.0,745,1156,144,1
0.0,3.5,49,125,0,0
13.0,4.0,5795,301,89,1
1.0,5.0,372,404,0,0
7.5,18.0,956,717,25,0
0.0,44.5,331,408,30,0
29.0,4.0,1995,852,99,1
0.0,3.0,1917,707,44,1
3.0,2.0,690,884,130,1
16.0,2.0,6625,2703,100,1
0.0,2.0,1010,1014,0,0
29.0,1.0,31106,4525,131,1
1.0,4.0,1136,1012,0,0
3.0,5.0,651,615,35,0
0.0,2.0,2555,2144,133,1
30.0,2.0,10929,363,29,1
0.0,3.0,653,862,90,0
0.0,52.0,329,348,16,0
0.0,19.0,315,399,57,0
16.0,1.0,3427,3555,136,0
1.0,3.0,12733,1857,76,1
6.0,2.0,1007,1812,140,1
28.0,1.0,7101,4088,114,1
23.0,1.0,4426,1692,97,1
4.0,1.0,6391,2373,65,1
7.0,1.0,1478,2071,144,1
0.0,1.0,478,549,46,0
17.0,1.0,4358,6211,150,1
30.0,3.0,3469,1586,94,1
0.0,16.5,478,487,17,0
0.0,41.0,249,251,13,0
0.0,6.0,315,354,0,0
20.0,1.0,3170,3402,43,1
29.0,2.0,6766,3197,114,1
0.0,34.0,319,317,15,0
0.0,6.0,716,559,0,0
4.0,1.0,284,472,0,0
0.0,0.0,180,1237,100,1
0.0,44.5,344,472,0,0
0.0,2.0,392,560,0,1
4.0,1.0,23758,7224,139,1
0.0,14.5,310,306,21,0
2.0,13.0,337,390,0,0
29.0,1.0,2252,1540,150,1
13.0,1.0,1966,2152,50,1
0.0,56.0,512,546,83,0
0.0,3.5,27,71,0,0
8.0,1.0,1327,6277,25,1
2.0,5.0,86,129,0,0
0.0,1.0,5600,3701,150,1
1.0,19.5,387,780,0,0
0.0,3.5,5,15,0,0
0.0,26.0,411,409,12,0
0.0,9.0,675,733,11,0
0.0,4.0,11802,3934,147,1
11.0,5.0,23284,2828,125,1
0.0,64.5,448,480,0,0
27.0,1.0,6197,1906,27,1
3.0,46.5,549,607,0,0
0.0,10.0,669,417,12,1
1.0,7.0,526,762,20,0
1.5,19.0,336,538,0,0
30.0,1.0,8080,714,114,1
0.0,1.0,325,387,40,0
1.0,16.0,288,322,21,0
0.0,14.0,176,169,0,0
0.0,37.0,315,314,0,0
9.0,1.0,16231,2772,126,1
29.0,1.0,13736,5920,150,1
2.0,0.0,1734,3986,97,1
0.0,6.0,214,307,49,0
1.0,6.0,1555,1105,0,0
18.0,2.0,678,1079,136,1
22.0,1.0,431,1666,123,1
0.0,10.0,553,728,0,0
0.0,78.0,249,283,59,0
0.0,33.0,515,460,0,0
0.0,1.0,4827,6408,84,1
7.0,0.0,2915,2111,70,1
10.0,1.0,25848,5844,144,1
2.0,29.5,342,304,0,0
0.0,1.0,52480,1566,39,1
0.0,7.0,301,324,50,0
1.0,1.0,409,420,0,0
1.0,54.5,433,449,139,0
0.0,4.0,329,259,14,0
16.0,2.0,1250,789,14,0
0.0,1.0,1594,2587,119,1
1.0,9.0,600,600,58,0
1.0,3.0,393,455,17,0
0.0,2.0,1640,2580,71,1
0.0,24.0,593,895,0,0
2.0,1.0,9406,4630,149,1
0.0,42.0,187,172,0,0
0.0,1.5,40002,2528,102,1
1.0,2.0,913,837,1,0
17.0,1.0,6529,3310,94,1
0.0,1.0,927,5067,129,1
0.0,3.5,377,259,113,1
0.0,1.0,295,364,0,0
0.0,32.5,200,237,0,0
23.0,1.0,7490,4852,143,1
0.0,5.0,3669,391,128,1
18.0,1.0,4364,7502,106,1
1.0,7.0,280,433,56,0
0.0,9.0,421,465,24,0
3.0,3.0,345,362,0,0
0.0,12.0,257,712,30,0
0.0,2.0,1285,2755,112,1
0.0,1.0,2710,756,125,1
22.0,0.0,38034,770,141,1
0.0,7.0,2402,1729,39,1
1.0,2.0,1015,978,118,0
0.0,3.5,79,88,0,0
0.0,21.0,159,168,33,0
26.0,5.0,2070,2106,18,1
3.0,1.0,9750,2188,120,1
9.0,3.0,1458,5712,150,1
0.0,12.0,385,437,0,0
0.0,1.0,210,198,0,0
0.0,136.0,227,255,136,0
0.0,1178.0,115,77,0,0
6.0,1.0,3017,2591,144,1
27.0,2.0,1199,1314,48,1
0.0,2.0,206,42,21,1
0.0,7.5,2183,1810,14,1
0.0,0.0,2823,3983,64,1
0.0,41.0,534,475,22,0
1.0,5.0,580,397,36,0
16.0,1.0,873,342,76,0
0.5,8.0,113,195,0,0
29.0,1.0,24458,3212,125,1
6.0,1.0,11177,1632,138,1
0.0,28.0,405,471,32,0
0.0,4.0,1067,2515,71,1
28.0,1.0,1619,7200,144,1
5.0,3.0,2717,772,53,1
13.0,2.0,6589,726,113,1
0.0,1.0,1111,1869,123,1
6.0,1.0,2594,370,41,1
2.0,22.0,271,277,57,0
2.0,31.5,175,179,6,0
0.0,3.5,274,257,32,0
6.0,0.0,2536,2715,148,1
0.0,3.5,142,139,0,0
30.0,1.0,2561,1569,121,1
0.0,0.0,3072,2595,64,1
0.0,1.0,9867,5408,150,1
5.0,0.0,284,382,133,1
11.0,1.0,14952,6671,145,1
0.0,2.0,208,337,0,0
0.0,96.5,166,188,14,0
1.0,7.0,1783,983,0,0
0.0,6.0,240,346,0,0
0.0,5.0,1040,1213,124,1
1.0,1.0,5014,2571,147,1
2.0,1.0,10809,4735,138,1
0.0,3.5,4,9,0,0
19.0,1.0,3552,1156,145,1
1.0,0.0,2517,6741,140,1
0.0,2.0,362,1056,0,0
11.5,2.0,458,302,86,1
19.0,1.0,1807,2841,136,1
8.0,1.0,1906,814,39,1
0.0,3.0,5924,1603,129,1
30.0,1.0,5282,5407,143,1
7.0,1.0,4981,1972,132,1
9.0,1.0,458,1423,0,1
5.0,2.0,3434,2019,120,1
0.0,9.5,190,251,0,1
3.0,7.0,724,598,66,0
0.0,5.0,626,306,125,1
27.5,2.0,816,2478,44,1
0.0,12.0,307,298,46,0
0.0,3.0,249,314,0,0
0.0,1.0,1239,518,75,1
3.5,14.0,544,505,39,0
0.0,56.5,202,216,42,0
0.0,12.0,469,536,32,0
1.0,23.5,617,529,63,0
0.0,1.0,3940,1524,125,1
0.0,3.5,215,199,3,0
0.0,0.0,3968,2127,63,1
30.0,2.0,1159,401,57,1
26.0,1.0,11600,7159,61,1
0.0,5.0,957,761,111,0
0.0,6.0,266,354,45,0
28.0,1.0,904,657,59,1
0.0,3.0,478,597,18,0
2.0,1.0,1013,1028,46,0
0.0,2.0,3564,1972,50,1
0.0,15.5,358,493,44,0
0.0,42.5,194,211,35,0
1.0,1.0,1266,697,60,1
6.0,8.5,1578,938,81,1
4.5,1.0,404,1700,116,1
0.0,2.0,190,356,0,0
2.0,2.0,272,528,32,0
1.0,76.0,768,882,59,1
0.0,3.5,27,24,54,0
2.0,46.0,304,339,0,0
0.0,3.5,219,398,0,0
4.0,1.0,8675,1799,81,1
26.0,1.0,13466,5277,116,1
0.0,135.5,183,250,0,0
30.0,1.0,4987,7279,61,1
0.0,15.0,225,238,0,0
0.0,5.0,360,417,116,0
0.0,0.0,2005,1759,26,1
20.0,6.0,646,1060,98,1
2.0,2.0,997,314,25,1
2.0,6.0,370,454,32,0
9.0,1.0,817,1828,74,1
8.0,2.0,3038,3920,0,1
0.0,3.5,40,45,11,0
26.0,0.0,562,788,113,1
9.0,1.0,21248,4402,140,1
3.5,21.0,544,501,39,0
0.0,14.0,749,663,25,0
0.0,38.0,469,473,8,0
7.0,1.5,1736,3623,139,1
21.0,1.0,3271,3121,40,1
13.0,4.0,20593,3891,87,1
1.0,21.5,592,521,26,0
0.0,1.0,58094,7316,102,1
0.0,1.0,421,1182,136,1
3.0,4.0,11090,1594,132,1
0.0,3.5,63,104,0,0
0.0,13.0,331,389,0,0
0.0,40.0,458,455,41,0
0.0,11.0,444,354,5,0
0.0,1.0,17897,7132,27,1
0.0,27.0,469,546,0,0
0.0,1.0,255,432,0,0
4.0,0.0,9932,14,91,1
0.0,3.5,74,89,0,0
0.0,1.0,4763,3324,146,1
14.0,3.5,7658,2372,15,1
1.0,1.0,7517,5134,78,1
27.0,1.0,203175,796,146,1
0.0,0.0,492,2774,87,1
0.0,1.0,609,285,0,1
0.0,50.0,345,373,0,0
0.0,6.0,1413,1859,128,1
0.0,6.0,428,625,0,0
0.0,1.0,1441,2888,13,1
1.0,3.0,3760,5858,66,1
0.0,8.0,322,305,31,0
22.0,0.0,2483,2501,112,1
0.0,7.0,124,140,103,0
29.0,3.5,13419,1483,131,1
0.0,39.5,1054,2272,18,1
7.0,4.0,1030,591,23,1
3.0,1.0,6789,1253,148,1
30.0,0.0,1251,7336,111,1
1.0,8.0,352,331,0,0
12.0,1.0,3560,3290,80,1
8.0,2.0,1364,629,24,0
0.0,16.0,387,455,0,0
0.0,19.5,579,612,33,0
5.0,1.0,10739,5741,145,1
28.0,0.0,98316,852,118,1
0.0,5.0,23389,1453,113,1
0.0,10.0,108,73,25,0
1.0,39.5,192,233,40,0
0.0,2.0,26160,2597,94,1
1.0,3.0,385,256,88,1
0.0,23.0,443,630,52,0
0.5,2.0,15577,1713,135,1
3.0,3.0,20229,1291,56,1
28.0,1.0,6204,6838,143,1
3.0,28.0,396,343,6,0
2.0,4.0,494,642,0,0
0.0,14.5,25558,3716,146,1
0.5,77.0,333,330,0,0
7.0,2.0,5766,7441,98,1
6.0,1.0,5774,394,113,1
0.0,11.0,10558,547,56,1
1.0,7.0,558,610,36,0
9.0,0.0,987,632,14,1
6.0,1.5,1384,1555,122,1
0.0,3.5,41,9,3,1
20.0,1.0,11135,1560,26,1
0.0,0.0,162,719,135,1
2.0,2.0,4543,3525,136,1
1.0,11.0,519,484,45,0
10.0,1.0,13724,4919,0,1
0.0,3.0,299,156,33,0
0.0,5.0,228,97,10,0
1.0,2.0,25827,2925,80,1
5.0,1.0,4994,4481,129,1
0.0,40.0,332,337,0,0
1.0,3.5,35188,738,0,1
0.0,4.0,1144,2057,133,1
1.0,18.0,357,489,0,0
1.0,115.0,592,1003,56,1
0.0,11.0,480,466,20,0
0.0,40.0,56,65,0,0
24.0,2.0,1463,2802,150,1
3.0,2.0,10282,3626,133,1
0.0,3.5,63,681,141,1
14.0,16.0,174,556,0,1
1.0,0.0,159,369,9,0
0.0,4.0,157,203,0,0
3.0,4.0,33000,4184,102,1
0.0,6.0,9966,2666,150,1
0.0,4.5,616,604,8,0
0.0,2.0,1568,765,74,1
8.0,1.0,3242,1827,127,1
0.0,64.5,355,344,21,0
0.0,26.0,206,210,42,0
0.0,2.0,12263,4674,133,1
6.0,16.0,224,187,146,0
0.0,880.0,194,225,0,0
0.0,3.5,151,172,0,0
3.0,7.0,187,268,0,0
25.0,0.0,6292,1512,59,1
0.0,9.0,175,39,0,0
6.5,22.0,820,817,66,0
1.0,6.0,1486,993,144,0
1.0,59.0,216,245,0,0
0.0,12.0,439,578,0,0
0.0,1.0,7529,1408,29,1
9.0,1.0,23087,1745,141,1
30.0,2.0,1202,1605,55,1
0.0,6.0,278,323,0,0
0.0,36.0,456,538,8,0
13.0,1.0,5260,2785,23,1
28.0,0.0,122,963,108,1
2.0,7.0,2949,1797,91,1
0.0,1.0,5874,1897,0,1
1.0,0.0,2663,4312,148,1
0.0,3.0,2417,1343,144,1
2.0,7.0,10228,7108,17,1
0.0,15.5,173,132,0,0
0.0,4.0,300,597,13,0
0.0,3.5,278,302,19,0
0.0,30.5,362,437,23,0
0.0,3.0,5668,3295,66,1
0.0,749.0,244,284,0,0
0.0,20.0,853,554,46,0
25.0,1.0,4005,1086,125,1
9.0,5.0,7413,1986,84,1
1.0,15.5,209,557,0,0
0.0,1.0,982,2759,73,1
0.0,2.0,7694,5895,100,1
1.0,1.0,609,1159,1,0
3.0,4.0,430,478,4,0
14.0,1.0,5796,6866,140,1
16.0,5.5,2112,963,17,1
3.0,0.0,4546,3209,10,1
29.0,0.0,845,696,150,1
0.0,1.0,10958,4048,144,1
0.0,36.0,794,784,0,0
2.0,33.5,543,731,0,0
1.0,19.0,212,250,23,0
1.0,0.0,2510,7491,84,1
0.0,4.0,1000,450,0,0
0.0,0.0,913,2051,40,1
0.0,53.0,110,136,19,0
0.0,5.0,1406,1582,31,1
5.0,2.0,8570,3054,134,1
3.0,67.0,88,143,34,0
0.0,28.0,270,318,23,0
20.0,1.0,14787,7500,124,1
0.0,0.0,46510,6109,132,1
0.0,106.5,81,171,3,0
0.0,3.0,516,864,72,0
30.0,1.0,1944,1070,149,1
12.0,1.0,22800,7500,79,1
0.0,6.0,630,663,39,0
0.0,10.0,563,616,8,0
3.0,54.0,417,544,34,0
4.0,2.0,3105,1139,148,1
1.0,22.5,615,587,17,0
1.0,10.0,245,287,35,0
20.0,0.0,4003,1364,112,1
3.0,2.0,3843,3354,131,1
2.0,1.0,25479,2665,149,1
0.0,3.5,345,3387,85,1
0.0,10.0,431,431,32,0
23.0,0.0,1347,518,81,1
24.0,1.0,21624,4293,103,1
0.0,30.0,643,574,8,0
1.0,1.0,11076,4416,116,1
30.0,0.0,2649,5571,132,1
0.0,2.0,430,685,0,0
0.5,6.0,14785,6250,39,1
22.0,3.0,2660,5241,114,1
26.0,2.0,5026,3488,130,1
0.0,10.0,2060,1020,0,0
0.0,7.0,19830,7263,61,1
0.0,4.5,473,391,39,0
0.0,2.0,3972,4595,31,1
0.0,3.0,483,583,23,0
27.0,5.0,908,5155,22,0
7.5,1.0,2871,2469,144,1
0.0,2.0,6756,4524,141,1
0.0,119.0,623,437,0,0
28.0,1.0,654,1144,148,1
1.0,1.0,5553,7059,31,1
3.0,2.0,1511,1238,150,0
29.0,0.0,598,817,150,1
0.0,16.0,410,365,41,0
2.0,5.0,205,308,0,0
0.0,12.0,701,826,87,0
6.0,0.0,2728,6772,136,1
6.0,2.0,3772,1083,128,1
0.0,8.0,4096,3345,4,1
20.0,1.0,10246,4380,135,1
0.0,1.0,502,858,1,0
3.0,17.0,314,383,82,0
0.0,11.0,398,495,72,0
5.0,6.0,259,110,0,0
0.0,9.0,585,663,42,0
7.0,1.0,2098,1056,146,1
0.0,7.0,453,516,64,0
16.0,2.0,7625,738,144,1
1.0,16.0,539,663,0,0
13.0,1.0,12684,2302,144,1
0.0,1.0,555,1576,150,1
10.0,2.0,19651,3067,81,1
0.0,3.5,208,296,0,0
0.0,5.0,493,385,74,0
0.0,3.5,227,215,4,0
0.0,1.0,519,574,26,1
1.0,17.0,209,401,11,0
0.0,2.0,11204,5258,87,1
2.0,4.5,599,788,50,0
0.0,3.5,404,3396,91,1
28.0,1.0,1382,5606,122,1
2.5,12.0,352,371,116,0
1.0,9.0,1320,1297,138,0
4.0,3.0,4335,1334,105,1
0.0,8.0,1496,1043,47,1
0.0,1.0,6255036,654,0,0
0.0,5.0,5605,750,54,1
3.0,13.0,278,295,116,0
6.0,0.0,1117,2,119,1
0.0,3.0,9997,1219,85,1
0.0,7.0,625,106,35,0
0.0,4.0,304,799,61,1
0.0,49.0,411,501,0,0
17.0,1.0,2713,2687,48,1
0.0,42.0,242,246,0,0
0.0,0.0,83,502,108,1
0.0,42.0,2649,1317,101,1
0.0,7.0,3247,555,89,1
9.0,1.0,9213,7242,123,1
0.0,6.0,414,619,7,0
29.0,2.0,2150,3473,146,1
7.0,2.0,1903,5966,148,1
0.0,20.0,286,362,0,0
2.0,5.0,806,983,58,0
29.0,2.0,1825,1297,35,1
0.0,12.0,401,350,14,0
0.0,0.0,562,1556,0,1
20.5,4.0,857,2271,132,1
0.0,55.5,172,261,80,0
3.0,3.5,609,599,16,0
23.0,0.0,2918,2073,123,1
0.0,16.0,475,470,0,0
1.0,1.0,7953,3656,149,1
0.0,3.5,288,304,18,0
0.0,5.0,1369,498,30,1
13.0,1.0,1643,473,86,1
0.0,6.0,142,172,0,0
0.0,1.0,7639,3306,99,1
0.0,32.0,335,353,28,0
24.0,7.0,385,1558,90,0
0.0,8.0,311,311,0,0
1.0,4.0,475,621,29,0
0.0,3.5,4598,2434,81,1
0.0,35.0,324,337,0,0
0.0,33.0,475,496,0,0
30.0,0.0,9266,2124,13,1
0.0,9.0,557,572,27,0
3.0,6.5,612,674,20,0
0.0,3.5,860,1174,48,1
0.5,100.0,380,365,43,0
0.0,21.0,483,474,0,0
0.0,3.5,37,9,0,0
2.0,1.0,1685,1653,37,1
2.0,1.0,26200,4121,119,1
0.0,11.0,549,601,34,0
0.0,37.0,710,567,33,0
10.0,2.0,1174,586,148,1
13.0,3.0,3244,3975,0,1
0.0,3.0,1914,2391,94,1
5.0,1.0,1630,1962,77,1
0.0,28.0,230,276,75,0
0.0,14.5,100,110,0,0
0.0,7.0,388,453,0,0
0.0,1.0,7145,2734,103,1
9.0,1.0,7157,1906,150,1
1.0,10.0,399,398,0,0
0.0,7.0,471,500,25,0
0.0,1.0,26713,2176,0,1
7.0,0.0,8637,7033,137,1
1.0,62.5,245,280,0,0
0.0,11.0,356,458,1,0
1.0,4.0,69678,3400,93,1
0.0,0.0,389,854,92,1
20.0,2.0,2157,2969,39,1
0.0,28.0,1510,237,21,1
0.0,5.0,280,396,0,0
9.5,1.0,222300,3642,99,1
28.0,9.0,2882,1040,77,1
0.0,3.0,5668,3295,66,1
0.0,34.0,255,252,0,0
0.0,3.5,1771,2381,25,1
0.0,21.5,390,432,7,0
10.0,1.0,5213,1157,120,1
0.0,7.0,305,343,48,0
0.0,4.0,220,282,0,0
0.0,24.0,223,300,14,0
29.0,1.0,5815,3225,106,1
5.0,0.0,2892,1183,105,1
0.0,12.5,466,458,25,0
0.0,11.0,414,496,107,0
1.0,7.0,535,463,0,0
4.0,1.0,10121,3085,95,1
17.0,1.0,1966,1061,123,1
0.0,1.5,144,1152,0,0
0.0,1.0,12416,2849,22,1
0.0,1.0,17734,5928,126,0
0.0,1.0,26157,1109,86,1
0.0,2.0,115,102,24,0
16.0,0.0,8357,6084,0,1
0.0,38.0,1425,398,143,1
0.0,1.0,2662,3909,130,1
0.0,4.0,653,598,0,0
0.0,42.0,981,1151,66,0
3.0,9.0,283,345,0,0
0.0,9.0,196,553,149,1
1.0,8.0,685,500,137,0
13.0,1.0,1903,625,73,1
16.0,1.0,1632,2795,68,1
32.0,2.0,606,1235,138,1
6.0,3.0,4352,977,86,1
0.0,255.0,324,354,0,0
22.0,1.0,13729,956,130,1
29.0,1.0,3676,2222,148,1
15.0,2.0,139,3,140,0
0.0,3.5,95,140,0,0
26.0,0.0,1972,138,20,1
0.0,3.0,72,79,0,0
20.0,2.0,8321,7495,146,1
0.0,6.5,369,403,0,0
29.0,1.0,1281,262,78,1
1.0,3.0,1064,1081,53,0
8.0,4.0,1566,1100,129,1
0.0,5.0,592,495,33,0
0.0,1.0,763,941,53,0
0.0,6.0,317,380,30,0
1.0,3.0,9569,1344,145,1
0.0,2.0,419,522,1,0
5.0,1.0,2412,2448,92,1
0.0,3.5,213,700,13,0
1.0,7.0,336,565,0,0
0.0,3.5,153,172,0,0
28.0,0.0,2455,4840,54,1
10.0,3.0,987,3438,141,1
0.0,23.5,248,299,18,0
2.0,1.0,1512,1424,28,0
0.0,24.5,496,567,14,0
0.0,12.0,430,439,10,0
3.0,5.0,810,777,78,0
5.0,1.0,11593,5270,138,1
0.0,10.0,724,646,0,1
3.0,3.0,3825,1220,26,1
0.0,6.0,880,535,0,0
14.0,10.0,5294,1131,28,1
0.0,46.0,120,140,21,0
0.0,3.5,121,128,0,0
30.0,0.0,576,552,150,1
1.0,4.0,174,100,19,0
1.0,2.0,179,169,0,0
0.0,25.0,779,624,2,0
0.0,10.0,745,995,25,0
0.0,8.0,330,556,44,0
0.0,48.0,669,612,37,0
0.0,3.0,2407,874,6,1
1.0,44.5,250,293,19,0
0.0,17.5,475,1047,0,0
19.5,4.0,4205,1247,55,1
30.0,1.0,956,1126,142,1
0.0,1.0,29994,6757,108,1
0.0,11.0,9605,7274,20,1
0.0,5.0,628,959,0,0
0.0,22.0,287,337,60,0
0.0,41.0,221,247,0,0
0.0,0.0,1306,5072,72,1
28.0,0.0,1002,6415,83,1
17.0,0.0,14068,1988,143,1
0.0,0.0,10152,5890,52,1
20.0,0.0,2398,1413,95,1
4.0,5.0,39737,3825,149,1
1.0,33.0,408,393,44,0
8.0,1.0,1342,1177,94,1
0.0,48.0,213,207,36,0
14.0,2.0,4779,2353,81,1
0.0,4.5,121,134,14,0
0.0,3.0,12423,1763,55,1
1.0,1.0,171,321,150,1
25.0,1.0,1834,4639,147,1
18.0,1.0,5553,3887,136,1
28.0,0.0,4315,3595,141,1
0.0,24.5,262,353,0,0
7.0,2.0,2398,1468,150,1
0.0,2.0,5285,6927,114,1
1.5,31.0,200,263,49,0
25.0,1.0,32402,1315,146,1
4.0,3.0,530,903,41,0
19.0,1.0,799,915,108,1
3.0,1.0,44,29,0,0
0.0,1.0,719,250,0,0
0.0,1.0,27842,6491,138,1
0.0,10.5,560,626,0,0
0.0,2.0,4562,376,106,1
6.0,3.0,546,521,34,0
0.0,1.0,287,273,96,0
17.0,1.0,16681,3603,142,1
0.0,3.0,529,382,66,0
1.0,6.0,326,448,34,0
0.0,6.0,65,70,0,0
0.0,8.5,202,202,107,0
0.0,0.0,336,4885,102,1
0.5,1.0,65,38,100,1
0.0,32.0,554,510,16,0
4.0,1.0,5538,3397,116,1
2.0,3.0,353,446,3,0
7.5,1.0,2701,2014,25,1
0.0,0.0,434,809,149,1
0.0,131.0,204,260,0,0
0.0,13.0,611,614,22,0
0.0,12.0,305,337,1,0
2.0,112.0,242,241,4,0
0.0,3.0,3646,3181,119,1
0.0,1.5,256,277,0,0
1.0,2.0,11404,6681,119,1
18.0,1.0,1572,2064,14,1
0.0,18.0,259,306,31,0
0.0,0.0,82,502,122,1
0.0,4.0,876,785,19,0
0.5,15.0,177,182,0,0
0.0,6.0,618,515,19,0
0.0,20.5,397,549,0,0
8.0,1.0,9190,3480,128,1
0.0,18.0,606,726,0,0
27.0,0.0,3148,696,114,1
1.0,3.0,269,246,22,0
0.0,12.0,686,675,20,0
3.0,22.0,390,384,22,0
18.0,2.0,5339,2998,148,1
0.0,14.0,618,706,0,0
0.0,2.0,201,298,9,0
15.0,1.0,1352,851,144,1
0.0,19.5,61147,932,140,1
1.0,2.0,22607,3780,146,1
1.0,13.5,383,824,6,0
0.0,21.0,402,436,25,0
0.0,18.0,555,686,37,0
0.0,6.0,415,741,0,0
3.0,11.0,1010,459,0,1
0.0,3.5,173,248,0,0
0.0,7.0,120,154,54,0
0.0,6.0,188,180,10,0
0.0,0.0,860,1702,131,1
0.0,15.0,367,436,0,0
0.0,0.0,9694,1824,0,1
1.0,9.5,429,408,0,0
9.0,1.0,7361,1430,83,1
0.0,16.0,457,707,10,0
0.0,0.0,872,1914,12,1
0.0,19.0,2130,948,20,1
2.0,5.0,804,690,0,0
7.0,0.0,2792,3322,76,1
1.0,33.0,256,310,106,0
0.0,14.0,307,396,22,0
1.0,3.0,37123,3063,143,1
0.0,0.0,338,913,53,1
1.0,7.0,2915,485,66,1
28.0,1.0,1287,2716,134,1
0.0,3.0,366,611,0,0
0.0,7.0,714,1601,0,0
3.0,2.0,3849,3258,131,1
3.0,9.0,337,338,43,0
10.5,13.0,2538,2987,89,1
0.0,36.0,318,331,32,0
3.0,1.0,3028,912,99,1
3.0,1.0,5383,5227,83,1
0.0,27.0,595,871,8,0
3.0,10.0,339,347,7,0
0.0,1.0,204,446,0,0
0.0,3.5,170,195,0,0
0.0,2.0,5277,404,64,1
0.0,1.0,1498,1530,73,1
12.0,3.0,32460,7470,140,1
7.0,15.0,186,272,18,0
1.0,3.5,108,100,0,0
22.0,4.0,2217,17,68,1
0.0,25.0,363,389,20,0
2.0,11.5,1172,580,143,1
0.0,2.0,342,806,58,1
0.0,28.0,272,251,0,0
13.0,1.0,2500,4632,144,1
10.0,1.0,7437,3297,150,1
6.0,0.0,774,2858,75,1
1.0,0.0,5974,1085,20,1
0.0,0.5,82,228,0,0
0.0,8.0,741,395,0,0
4.0,0.0,1337,6380,148,1
0.0,525.5,577,616,19,0
0.0,3.5,12,4,0,0
0.0,32.0,316,308,48,0
0.0,23.0,523,419,13,0
0.0,1.0,19434,4650,148,1
0.0,1.0,6054,1461,144,1
0.0,16.5,427,418,0,0
1.0,1.0,580,2048,141,1
0.0,10.0,950,659,5,0
0.0,11.0,895,704,10,0
24.0,2.0,29355,5224,90,1
1.0,2.0,760,525,6,1
2.0,6.0,528,582,33,0
0.0,9.0,392,185,0,0
5.0,6.0,6318,749,133,1
0.0,26.0,462,745,10,0
3.0,21.0,350,400,4,0
0.0,0.0,17068,2202,128,1
7.0,8.0,4271,221,79,1
0.0,0.0,1621,4466,94,1
0.0,17.5,347,349,0,0
3.0,7.0,4454,508,150,1
0.0,78.0,250,283,59,0
0.0,7.0,365,467,0,0
6.0,10.0,343,482,0,0
0.0,8.5,226,456,0,0
1.0,24.5,1186,300,10,0
0.0,29.0,507,529,57,0
0.0,11.0,301,398,0,0
2.0,14.0,414,452,59,0
18.0,0.0,75557,7488,98,1
9.5,36.0,105237,1258,108,1
0.0,19.0,695,612,18,0
2.0,1.0,40004,5237,149,1
12.0,2.0,2477,995,72,1
0.0,14.0,388,473,0,0
0.0,48.0,244,228,33,0
0.0,47.0,466,466,25,0
1.0,12.0,526,678,8,0
30.0,0.0,1804,577,97,1
21.0,1.0,3124,3710,109,1
0.0,20.0,599,734,48,0
7.5,1.0,798,942,139,1
1.0,55.5,134,152,12,0
0.0,91.5,201,198,10,0
0.0,0.0,1488,1676,120,1
19.0,2.0,6488,1127,130,1
12.0,1.0,2093,2307,150,1
0.0,0.0,1109,95,93,1
30.0,1.0,721,736,135,1
5.0,297.0,294,297,11,0
0.0,18.0,489,817,0,0
0.0,28.0,902,719,55,0
0.0,3.5,314,484,0,0
0.0,4.0,684,725,0,0
3.0,3.5,95,45,0,0
22.0,2.0,4485,2844,37,1
3.0,13.0,437,461,0,0
0.0,8.0,633,645,17,0
0.0,4.5,302,739,0,0
0.0,22.5,337,379,26,0
6.0,1.0,7187,2890,114,1
7.0,1.0,11981,4170,88,1
0.0,30.0,287,251,0,0
1.0,36.0,215,263,21,0
0.0,49.0,287,228,59,0
18.0,1.0,1277,1544,147,1
3.0,1.0,5380,5326,83,1
1.0,3.0,727,789,43,0
0.0,0.0,173,642,0,1
0.0,3.5,1011,1399,93,1
2.0,3.5,204,235,0,0
0.0,3.0,1473,5812,131,1
0.0,4.5,4415,6777,132,1
0.0,2.0,9633,1559,0,1
0.0,54.0,105,51,150,1
0.0,47.0,191,224,0,0
0.0,14.0,386,732,27,0
15.0,1.0,339,562,107,1
6.0,3.0,779,659,24,0
0.0,12.0,626,627,1,0
0.0,4.0,490,546,19,0
0.0,105.5,504,562,29,0
0.0,1.0,934,1121,6,1
0.0,0.0,85,496,122,1
5.0,3.5,250,301,10,0
1.0,28.5,349,368,33,0
0.0,10.0,571,482,33,0
10.0,4.0,275,367,0,0
19.0,5.0,15114,327,75,1
0.0,3.5,47,42,20,0
16.0,1.0,897,2347,104,1
6.0,2.0,3750,959,56,1
0.0,34.0,40,22,0,0
0.0,2.5,238,637,27,0
29.0,0.0,558,1688,147,1
0.0,3.5,414,373,25,0
12.0,3.0,553,602,139,1
8.0,11.0,10950,5933,29,1
2.0,13.0,388,1043,149,0
0.0,17.5,261,529,43,0
13.0,48.0,2199,1100,108,1
10.0,1.0,20831,3656,144,1
0.0,12.0,806,739,0,0
0.0,23.5,91,114,0,0
19.0,0.0,18339,2086,113,1
1.0,197.0,497,518,0,0
1.0,2.0,217,244,0,0
3.0,0.0,2286,1406,88,1
0.0,8.0,14694,1839,50,1
28.0,1.0,4655,3465,150,1
9.0,0.0,19663,2619,144,1
1.0,2.0,20244,1,140,1
6.0,3.0,122,225,149,1
1.0,47.0,303,335,22,0
16.0,4.0,22409,2281,113,1
0.0,4.0,521,343,66,1
10.0,4.0,8427,1360,64,1
0.0,20.5,235,443,0,0
0.0,8.5,591,371,15,0
26.5,5.0,1420,1402,133,1
0.0,15.0,74,99,39,0
0.0,22.5,1125,1978,75,1
0.0,9.5,3280,5991,54,1
15.0,0.0,5140,1005,103,1
2.0,7.5,367,523,76,0
0.0,1.0,2968,862,32,1
10.0,1.0,1680,485,100,1
0.0,177.0,181,188,0,0
1.0,27.0,300,301,32,0
0.0,20.0,186,298,0,0
2.0,1.0,676,1238,91,1
1.0,14.0,484,611,37,0
0.0,3.5,59,87,0,0
5.0,0.0,4312,2407,127,1
29.0,2.5,3457,1649,44,1
4.0,29.5,499,625,20,0
5.0,1.0,9676,2948,117,1
0.0,7.0,7208,1077,48,1
0.0,28.5,579,554,20,0
0.0,3.0,7189,1283,70,1
0.0,26.0,1220,704,134,1
0.0,41.5,417,1035,22,0
0.0,11.0,126,355,7,0
3.0,2.0,541,506,132,0
13.0,4.0,11075,4748,144,1
0.0,17.0,1414,488,114,1
0.0,51.0,343,372,0,0
23.0,4.0,5433,3187,127,1
0.0,16.0,387,455,0,0
1.0,28.0,230,272,22,0
0.0,8.0,514,405,73,0
0.0,3.5,269,267,0,0
1.0,20.5,250,359,6,0
28.0,0.0,6886,4467,44,1
19.0,1.0,5535,4220,43,1
30.0,2.0,13406,6842,92,1
0.0,14.0,265,270,2,0
0.0,6.0,396,447,0,0
0.0,25.5,659,649,14,0
0.0,16.0,1367,1693,0,1
0.0,10.5,972,611,23,0
22.0,2.0,2584,1353,77,1
0.0,3.5,39,750,0,1
0.0,5.0,338,429,84,0
21.0,1.0,15612,2428,142,1
0.0,16.0,573,570,6,0
24.0,2.0,1536,2703,150,1
3.0,0.0,1647,2278,58,1
0.0,13.5,497,429,0,0
0.0,0.0,71,53,71,0
0.0,11.0,445,365,23,0
1.0,29.5,973,805,64,0
0.0,6.0,1502,1175,35,0
1.5,15.0,133,233,98,0
0.0,2.0,585,649,41,0
0.0,16.0,1017,784,0,0
1.0,2.0,336,359,5,0
1.0,32.0,467,413,35,0
0.0,0.0,210,1674,128,1
14.0,3.0,5865,1643,65,1
0.0,4.0,488,825,139,0
2.0,2.0,1092,1415,145,1
0.0,3.5,617,1739,78,1
0.0,3.0,327,328,50,0
1.0,1.0,3203,470,63,0
0.0,29.5,277,319,13,0
0.0,3.0,4454,4047,19,1
7.0,2.0,3906,1570,139,1
0.0,6.5,829,973,31,0
22.0,1.0,17440,1469,87,1
0.0,35.0,182,214,69,0
2.0,13.0,467,507,0,0
18.0,1.0,4222,694,78,1
0.0,7.5,872,695,37,0
0.0,28.0,193,185,17,0
0.0,15.0,264,172,8,1
26.5,8.0,2978,4607,127,1
2.0,1.0,3184,4438,52,1
1.5,2.0,605,721,98,0
1.0,4.0,308,498,0,0
0.0,0.0,674,7487,0,1
3.0,80.0,297,319,22,0
0.0,96.0,184,231,0,0
2.0,12.0,221,237,42,0
0.0,1.0,73529,2661,109,1
0.0,3.0,347,365,0,0
0.0,2.0,399,409,70,0
15.5,0.0,234,28,132,1
0.0,8.5,345,521,9,0
6.0,1.0,9696,327,73,1
0.0,21.5,738,570,13,0
25.0,1.0,12130,5974,22,1
1.0,7.0,968,1124,117,0
29.0,1.0,3808,3102,119,1
0.0,0.0,5195,597,0,1
3.0,0.0,4452,3937,47,1
0.0,31.5,196,191,0,0
0.0,3.5,150,186,84,0
0.0,8.0,895,680,36,0
0.0,29.0,853,838,4,0
1.0,1.0,376,639,19,0
8.0,2.0,1380,1282,149,1
1.0,15.5,209,556,0,0
1.5,2.0,605,721,98,0
0.0,5.5,1085,667,2,1
1.0,8.0,263,448,42,0
5.0,4.0,9118,2140,136,1
22.0,1.0,19207,2302,118,1
0.0,27.0,346,326,14,0
0.0,15.0,282,303,0,0
30.0,0.0,4096,669,137,1
1.0,4.0,9528,1079,115,1
4.0,6.0,3246,4323,81,1
30.0,0.0,24871,958,42,1
0.0,36.0,695,632,49,0
19.0,1.0,3855,6891,116,1
0.0,2.5,316,709,0,0
0.0,74.0,283,373,8,0
0.5,18.0,419,413,32,0
0.0,2.0,272,329,11,1
0.0,68.5,141,146,5,0
0.0,3.5,222,248,0,0
4.0,1.0,668,656,40,1
26.0,3.0,1002,1231,0,0
0.0,171.5,258,391,0,0
3.0,5.0,419,822,54,0
6.0,1.0,4583,826,120,1
2.0,9.5,138,133,31,0
1.0,1.0,895,526,122,1
5.0,3.5,156,451,0,1
6.5,0.0,5116,5963,108,1
0.0,4.0,523,538,0,0
0.0,12.0,134,310,0,0
1.5,24.0,279,573,0,0
11.0,1.0,465,4372,77,1
0.0,1.0,265,236,0,0
0.0,5.5,1322,561,9,1
0.0,42.0,416,463,26,0
0.5,50.0,437,661,0,0
16.5,5.0,7957,2801,138,1
4.0,6.0,721,1699,67,1
3.0,1.0,4584,2357,76,1
10.0,2.0,1517,1289,135,1
0.0,27.5,235,436,0,0
2.0,0.0,3098,6059,125,1
2.0,1.0,2660,185,139,1
26.0,0.0,6425,1312,150,1
2.0,1.0,14767,5529,149,1
22.0,1.0,1549,1660,120,1
28.0,1.0,3326,1332,143,1
0.0,3.5,135,12,16,0
0.0,3.5,2181,1726,0,1
0.0,246.0,380,385,4,0
0.5,57.0,298,314,26,0
0.0,3.5,7,4,0,0
30.0,0.0,21455,6800,144,1
0.0,12.0,752,285,0,0
0.0,1.0,69,155,141,1
1.0,2.0,209,305,9,0
1.0,5.0,440,606,1,0
2.0,10.0,336,335,41,0
0.0,92.0,691,496,29,1
30.0,0.0,473,4900,36,1
18.0,1.0,947,800,147,1
0.0,0.0,14974,4948,78,1
25.0,1.0,3712,3541,22,1
0.0,3.5,619,1747,78,1
3.0,4.0,500,4303,0,1
0.0,5.0,442,599,6,0
1.0,11.0,192,220,0,0
1.5,21.0,322,368,21,0
2.0,4.0,993,836,89,0
0.0,1.0,6141,5725,148,1
0.0,26.0,160,163,18,0
17.0,1.0,4677,1423,149,1
0.0,5.5,298,400,0,0
0.0,3.5,468,515,26,0
0.0,5.0,4825,1918,94,1
3.0,1.0,526,998,11,1
0.0,14.0,817,628,6,0
0.0,3.5,153,172,0,0
1.0,2.0,6552,1094,137,1
0.0,0.0,2113,5564,146,1
27.0,1.0,54497,2729,111,1
28.0,1.0,9810,6780,150,1
3.0,1.0,4744,2326,141,1
0.0,12.0,381,342,23,0
0.0,5.0,442,599,6,0
13.0,1.0,10147,2546,85,1
0.0,20.0,51,46,0,0
19.0,4.0,4107,690,148,1
13.0,1.0,876,563,139,1
0.0,5.5,150,94,0,0
0.0,35.0,243,142,0,0
0.0,1.0,200,132,0,0
0.0,18.5,327,391,0,0
25.0,1.0,22830,2049,144,1
3.0,7.5,372,434,87,0
3.0,8.0,502,487,75,0
1.0,12.0,365,356,23,0
3.0,1.0,5575,5018,138,1
0.0,4.0,210,264,6,0
0.0,15.0,505,461,10,0
9.0,1.0,9403,7417,123,1
0.0,1.0,26816,2952,0,1
0.0,3.0,182,188,53,0
1.0,15.0,437,587,0,0
2.0,3.0,418,396,16,0
9.0,0.0,7864,5253,75,1
0.0,3.5,540,655,6,0
0.0,22.0,148,157,0,0
0.0,0.0,155,273,0,0
0.0,3.5,339,335,0,0
0.0,3.0,392,386,126,0
0.0,2.0,850,1285,107,1
0.0,24.5,179,198,24,0
0.0,1.0,389,333,97,0
0.0,3.5,93,101,10,0
0.0,0.0,886,1105,92,1
2.0,307.0,154,199,0,0
1.0,0.0,1785,1911,133,1
1.0,645.0,138,227,0,0
2.0,3.0,372,335,0,0
10.0,2.0,1235,219,148,1
0.0,3.5,23,29,0,0
2.0,6.0,8410,1458,117,1
0.0,5.0,88,181,0,0
18.0,1.0,6968,4756,126,1
4.0,1.0,14989,7218,124,1
24.0,2.0,1615,1133,53,1
0.0,13.0,261,169,16,0
0.0,3.0,175,176,12,0
0.0,7.0,338,304,8,0
0.0,9.0,714,597,3,0
0.0,3.5,64,1329,77,1
0.5,102.0,243,257,22,0
0.0,0.0,353,453,61,1
0.0,3.5,78,91,6,0
0.0,1.0,925,1110,6,1
6.0,0.0,1104,24,119,1
0.0,3.0,16159,2735,29,1
1.0,3.0,4277,1734,150,1
9.0,1.0,345,949,130,1
24.0,1.0,1647,3701,92,1
0.0,117.0,277,298,0,0
30.0,0.0,2900,1100,143,1
0.0,64.0,489,468,84,0
0.0,7.5,1131,885,0,0
3.0,8.0,201,372,27,0
2.0,7.0,718,738,35,0
1.0,2.0,1705,1598,39,0
0.0,1.0,4692,347,142,1
0.0,43.0,83157,4198,106,1
0.0,9.0,979,623,130,1
4.0,3.0,4149,1838,144,1
0.0,0.0,1437,2541,79,1
30.0,3.0,2211,3778,150,1
3.0,65.5,536,559,0,0
28.0,1.0,7653,4705,141,1
1.0,33.5,461,444,18,0
1.0,19.5,268,438,2,0
24.0,2.0,19405,1532,69,1
0.0,37.5,327,326,0,0
0.0,19.0,100,100,1,0
0.0,3.5,247,243,29,0
25.0,0.0,39327,7459,81,1
0.0,16.0,358,367,0,0
0.0,1.0,2037,641,131,1
5.0,1.0,309,483,87,1
0.0,1.0,3060,7466,150,1
28.0,3.0,2703,1882,50,1
1.0,2.0,7931,6669,36,1
0.0,28.0,520,808,71,0
2.0,9.0,256,243,44,0
7.0,3.0,6676,1340,77,1
0.0,4.0,290,407,0,0
0.5,21.0,464,514,0,0
0.0,22.0,316,602,6,0
0.0,6.5,189,277,0,0
27.0,1.0,241,15,59,1
0.0,29.0,310,325,0,0
0.0,7.0,289,1363,0,0
31.0,1.0,769,1167,121,1
3.0,17.0,289,200,51,0
0.0,0.0,1815,510,5,1
0.0,1.0,5896,1880,85,1
2.0,21.0,500,631,0,0
2.0,1.0,1956,1914,145,1
4.0,41.0,203,215,0,0
0.0,1.0,7296,3480,149,1
6.0,1.0,240,314,40,0
1.0,1.0,6621,3807,141,1
2.5,5.0,977,983,135,0
10.0,2.0,2653,2473,149,1
0.0,2.0,226,89,108,0
0.0,3.5,73,50,0,0
19.0,3.0,300,177,102,0
14.0,0.0,7718,308,43,1
26.0,1.0,532,345,135,1
0.0,9.0,661,844,51,1
0.0,2.0,502,744,0,0
0.0,16.0,457,707,10,0
3.0,4.0,355,953,33,0
0.0,12.0,1058,469,26,1
0.0,1.0,4758,1593,100,1
2.0,5.0,8641,5719,143,1
21.0,0.0,819,3168,92,1
0.0,1.0,944,1171,65,1
4.0,20.0,439,516,16,0
0.0,3.0,3518,6465,64,1
1.0,4.0,369,587,95,0
0.0,7.0,308,404,69,0
0.0,3.5,177,10,0,0
2.0,2.0,131,82,148,1
2.0,9.0,414,434,0,0
0.0,1.0,418,816,1,0
11.0,1.0,614,210,64,1
1.0,2.0,1282,1000,63,1
5.0,2.0,4446,5789,135,1
4.0,1.0,6201,5673,148,1
4.0,3.0,12860,3770,68,1
0.0,1.0,19814,2545,112,1
0.0,0.0,3155,3552,0,1
1.0,1.0,11010,6559,118,1
0.0,11.0,248,216,15,0
1.0,14.0,301,462,0,0
